Et	O
,	O
magistralement	O
,	O
il	O
mit	O
l’	O
argent	O
dans	O
sa	O
poche	O
.	O
	
Nana	S-PER
le	O
regardait	O
,	O
stupéfaite	O
.	O
	
Lui	O
,	O
continuait	O
avec	O
complaisance	O
:	O
—	O
Eh	O
bien	O
!	O
	
où	O
est	O
-elle	O
donc	O
?	O
	
laissa	O
-t	O
-elle	O
échapper	O
tout	O
haut	O
.	O
	
Alors	O
,	O
Fontan	S-PER
s’	O
installa	O
sur	O
la	O
table	O
,	O
avec	O
un	O
grand	O
déploiement	O
de	O
plume	O
,	O
d’	O
encre	O
et	O
de	O
papier	O
.	O
	
Il	O
arrondissait	O
les	O
bras	O
,	O
allongeait	O
le	O
menton	O
.	O
	
Mais	O
comme	O
Louiset	S-PER
arrivait	O
,	O
à	O
califourchon	O
sur	O
un	O
manche	O
à	O
balai	O
,	O
Prullière	S-PER
dit	O
avec	O
un	O
rire	O
méchant	O
:	O
	
—	O
	
Puisque	O
tout	O
le	O
monde	O
y	O
passe…	O
Hein	O
?	O
	
pourquoi	O
ne	O
veux	O
-tu	O
pas	O
?	O
	
Un	O
soir	O
,	O
en	O
venant	O
prendre	O
Satin	S-PER
,	O
elle	O
reconnut	O
le	S-PER
marquis	O
de	O
Chouard	O
qui	O
descendait	O
l’	O
escalier	O
,	O
les	O
jambes	O
cassées	O
,	O
se	O
traînant	O
sur	O
la	O
rampe	O
,	O
avec	O
une	O
figure	O
blanche	O
.	O
	
Elle	O
feignit	O
de	O
se	O
moucher	O
.	O
	
Puis	O
,	O
en	O
haut	O
,	O
comme	O
elle	O
trouvait	O
Satin	S-PER
dans	O
une	O
saleté	O
affreuse	O
,	O
le	O
ménage	O
lâché	O
depuis	O
huit	O
jours	O
,	O
un	O
lit	O
infect	O
,	O
des	O
pots	O
qui	O
traînaient	O
,	O
elle	O
s’	O
étonna	O
que	O
celle-ci	O
connût	O
le	O
marquis	O
.	O
	
Ah	O
!	O
	
oui	O
,	O
elle	O
le	O
connaissait	O
;	O
	
même	O
qu’	O
il	O
les	O
avait	O
joliment	O
embêtés	O
,	O
elle	O
et	O
son	O
pâtissier	O
,	O
quand	O
ils	O
étaient	O
ensemble	O
!	O
	
Maintenant	O
,	O
il	O
revenait	O
de	O
temps	O
à	O
autre	O
;	O
	
mais	O
il	O
l’	O
assommait	O
,	O
il	O
reniflait	O
dans	O
tous	O
les	O
endroits	O
pas	O
propres	O
,	O
jusque	O
dans	O
ses	O
pantoufles	O
.	O
	
Nana	S-PER
s’	O
était	O
résignée	O
,	O
pour	O
avoir	O
la	O
paix	O
dans	O
son	O
ménage	O
.	O
	
Puis	O
,	O
c’	O
était	O
la	O
faute	O
de	O
la	S-PER
Tricon	O
,	O
qu’	O
elle	O
avait	O
rencontrée	O
rue	S-LOC
de	O
Laval	O
,	O
un	O
jour	O
que	O
Fontan	O
était	O
parti	O
furieux	O
,	O
à	O
cause	O
d’	O
un	O
plat	O
de	O
morue	O
.	O
	
Alors	O
,	O
elle	O
avait	O
dit	O
oui	O
à	O
la	O
Tricon	O
,	O
qui	O
justement	O
se	O
trouvait	O
en	O
peine	O
.	O
	
Comme	O
Fontan	S-PER
ne	O
rentrait	O
jamais	O
avant	O
six	O
heures	O
,	O
elle	O
disposait	O
de	O
son	O
après-midi	O
,	O
elle	O
rapportait	O
quarante	O
francs	O
,	O
soixante	O
francs	O
,	O
quelquefois	O
davantage	O
.	O
	
Elle	O
aurait	O
pu	O
parler	O
par	O
dix	O
et	O
quinze	O
louis	O
,	O
si	O
elle	O
avait	O
su	O
garder	O
sa	O
situation	O
;	O
	
mais	O
elle	O
était	O
encore	O
bien	O
contente	O
de	O
trouver	O
là	O
de	O
quoi	O
faire	O
bouillir	O
la	O
marmite	O
.	O
	
Le	O
soir	O
,	O
elle	O
oubliait	O
tout	O
,	O
lorsque	O
Bosc	S-PER
crevait	O
de	O
nourriture	O
,	O
et	O
que	O
Fontan	O
,	O
les	O
coudes	O
sur	O
la	O
table	O
,	O
se	O
laissait	O
baiser	O
les	O
yeux	O
,	O
de	O
l’	O
air	O
supérieur	O
d’	O
un	O
homme	O
qui	O
est	O
aimé	O
pour	O
lui-même	O
.	O
	
Elle	O
l’	O
écoutait	O
d’	O
un	O
air	O
embarrassé	O
.	O
	
Cependant	O
,	O
lorsqu’	O
il	O
lui	O
parla	O
de	O
Rose	S-PER
,	O
qui	O
triomphait	O
avec	O
sa	O
conquête	O
du	S-PER
comte	O
Muffat	O
,	O
une	O
flamme	O
passa	O
dans	O
ses	O
yeux	O
.	O
	
Elle	O
murmura	O
:	O
Au	O
fond	O
,	O
elle	O
enrageait	O
.	O
	
—	O
	
Dis	O
donc	O
,	O
tu	O
as	O
bien	O
mangé	O
mes	O
dix	O
mille	O
francs	O
…	O
	
C’	O
est	O
cochon	O
,	O
ça	O
!	O
	
—	O
	
La	O
police	O
!	O
	
dit	O
-elle	O
toute	O
blanche	O
.	O
	
Ah	O
!	O
	
nom	O
d’	O
un	O
chien	O
!	O
pas	O
de	O
chance	O
!	O
…	O
	
Nous	O
sommes	O
foutues	O
!	O
	
Cependant	O
,	O
il	O
y	O
avait	O
de	O
bonnes	O
aubaines	O
,	O
des	O
louis	O
attrapés	O
avec	O
des	O
messieurs	O
bien	O
,	O
qui	O
montaient	O
en	O
mettant	O
leur	O
décoration	O
dans	O
la	O
poche	O
.	O
	
Satin	S-PER
surtout	O
avait	O
le	O
nez	O
.	O
	
Les	O
soirs	O
humides	O
,	O
lorsque	O
Paris	S-LOC
mouillé	O
exhalait	O
une	O
odeur	O
fade	O
de	O
grande	O
alcôve	O
mal	O
tenue	O
,	O
elle	O
savait	O
que	O
ce	O
temps	O
mou	O
,	O
cette	O
fétidité	O
des	O
coins	O
louches	O
enrageaient	O
les	O
hommes	O
.	O
	
Et	O
elle	O
guettait	O
les	O
mieux	O
mis	O
,	O
elle	O
voyait	O
ça	O
à	O
leurs	O
yeux	O
pâles	O
.	O
	
C’	O
était	O
comme	O
un	O
coup	O
de	O
folie	O
charnelle	O
passant	O
sur	O
la	O
ville	O
.	O
	
Elle	O
avait	O
bien	O
un	O
peu	O
peur	O
,	O
car	O
les	O
plus	O
comme	O
il	O
faut	O
étaient	O
les	O
plus	O
sales	O
.	O
	
Tout	O
le	O
vernis	O
craquait	O
,	O
la	O
bête	O
se	O
montrait	O
,	O
exigeante	O
dans	O
ses	O
goûts	O
monstrueux	O
,	O
raffinant	O
sa	O
perversion	O
.	O
	
Aussi	O
cette	O
roulure	O
de	O
Satin	S-PER
manquait	O
-elle	O
de	O
respect	O
,	O
s’	O
éclatant	O
devant	O
la	O
dignité	O
des	O
gens	O
en	O
voiture	O
,	O
disant	O
que	O
leurs	O
cochers	O
étaient	O
plus	O
gentils	O
,	O
parce	O
qu’	O
ils	O
respectaient	O
les	O
femmes	O
et	O
qu’	O
ils	O
ne	O
les	O
tuaient	O
pas	O
avec	O
des	O
idées	O
de	O
l’	O
autre	O
monde	O
.	O
	
La	O
culbute	O
des	O
gens	O
chics	O
dans	O
la	O
crapule	O
du	O
vice	O
surprenait	O
encore	O
Nana	S-PER
,	O
qui	O
gardait	O
des	O
préjugés	O
,	O
dont	O
Satin	S-PER
la	O
débarrassait	O
.	O
	
Alors	O
,	O
comme	O
elle	O
le	O
disait	O
,	O
lorsqu’	O
elle	O
causait	O
gravement	O
,	O
il	O
n’	O
y	O
avait	O
donc	O
plus	O
de	O
vertu	O
?	O
	
Du	O
haut	O
en	O
bas	O
,	O
on	O
se	O
roulait	O
.	O
	
Eh	O
bien	O
!	O
	
ça	O
devait	O
être	O
du	O
propre	O
,	O
dans	O
Paris	S-LOC
,	O
de	O
neuf	O
heures	O
du	O
soir	O
à	O
trois	O
heures	O
du	O
matin	O
;	O
et	O
elle	O
rigolait	O
,	O
elle	O
criait	O
que	O
,	O
si	O
l’	O
on	O
avait	O
pu	O
voir	O
dans	O
toutes	O
les	O
chambres	O
,	O
on	O
aurait	O
assisté	O
à	O
quelque	O
chose	O
de	O
drôle	O
,	O
le	O
petit	O
monde	O
s’	O
en	O
donnant	O
par-dessus	O
les	O
oreilles	O
,	O
et	O
pas	O
mal	O
de	O
grands	O
personnages	O
,	O
çà	O
et	O
là	O
,	O
le	O
nez	O
enfoncé	O
dans	O
la	O
cochonnerie	O
plus	O
profondément	O
que	O
les	O
autres	O
.	O
	
Ça	O
complétait	O
son	O
éducation	O
.	O
	
—	O
	
Enfin	O
,	O
madame	O
nous	O
est	O
rendue	O
…	O
J’	O
attendais	O
madame	O
.	O
	
Nana	S-PER
hochait	O
la	O
tête	O
,	O
satisfaite	O
.	O
	
C’	O
était	O
l’	O
ancien	O
dîner	O
solide	O
d’	O
un	O
hôtel	O
de	O
province	O
:	O
vol-au-vent	O
à	O
la	O
financière	O
,	O
poule	O
au	O
riz	O
,	O
haricots	O
au	O
jus	O
,	O
crème	O
à	O
la	O
vanille	O
glacée	O
de	O
caramel	O
.	O
	
Ces	O
dames	O
tombaient	O
particulièrement	O
sur	O
la	O
poule	O
au	O
riz	O
,	O
éclatant	O
dans	O
leurs	O
corsages	O
,	O
s’	O
essuyant	O
les	O
lèvres	O
d’	O
une	O
main	O
lente	O
.	O
	
D’	O
abord	O
,	O
Nana	S-PER
avait	O
eu	O
peur	O
de	O
rencontrer	O
d’	O
anciennes	O
amies	O
qui	O
lui	O
auraient	O
fait	O
des	O
questions	O
bêtes	O
;	O
	
mais	O
elle	O
se	O
tranquillisa	O
,	O
elle	O
n’	O
apercevait	O
aucune	O
figure	O
de	O
connaissance	O
,	O
parmi	O
cette	O
foule	O
très	O
mélangée	O
,	O
où	O
des	O
robes	O
déteintes	O
,	O
des	O
chapeaux	O
lamentables	O
s’	O
étalaient	O
à	O
côté	O
de	O
toilettes	O
riches	O
,	O
dans	O
la	O
fraternité	O
des	O
mêmes	O
perversions	O
.	O
	
Un	O
instant	O
,	O
elle	O
fut	O
intéressée	O
par	O
un	O
jeune	O
homme	O
,	O
aux	O
cheveux	O
courts	O
et	O
bouclés	O
,	O
le	O
visage	O
insolent	O
,	O
tenant	O
sans	O
haleine	O
,	O
pendue	O
à	O
ses	O
moindres	O
caprices	O
,	O
toute	O
une	O
table	O
de	O
filles	O
,	O
qui	O
crevaient	O
de	O
graisse	O
.	O
	
Mais	O
,	O
comme	O
le	O
jeune	O
homme	O
riait	O
,	O
sa	O
poitrine	O
se	O
gonfla	O
.	O
	
Nana	S-PER
avait	O
donc	O
trouvé	O
le	O
moyen	O
de	O
suffire	O
à	O
tout	O
.	O
	
La	O
maison	O
,	O
certains	O
jours	O
,	O
regorgeait	O
de	O
nourriture	O
.	O
	
Deux	O
fois	O
par	O
semaine	O
,	O
Bosc	S-PER
prenait	O
des	O
indigestions	O
.	O
	
Un	O
soir	O
que	O
madame	S-PER
Lerat	O
se	O
retirait	O
,	O
enragée	O
de	O
voir	O
au	O
feu	O
un	O
dîner	O
copieux	O
dont	O
elle	O
ne	O
mangerait	O
pas	O
,	O
elle	O
ne	O
put	O
s’	O
empêcher	O
de	O
demander	O
brutalement	O
qui	O
est	O
-ce	O
qui	O
payait	O
.	O
	
Nana	S-PER
,	O
surprise	O
,	O
devint	O
toute	O
bête	O
et	O
se	O
mit	O
à	O
pleurer	O
.	O
	
—	O
Couchons	O
-nous	O
vite	O
,	O
mon	O
chat	O
.	O
	
Nous	O
serons	O
mieux	O
…	O
Ah	O
!	O
que	O
tu	O
es	O
bête	O
de	O
te	O
faire	O
de	O
la	O
bile	O
!	O
	
Je	O
te	O
dis	O
que	O
ce	O
sont	O
des	O
salauds	O
!	O
	
Ne	O
pense	O
plus	O
à	O
eux	O
…	O
Moi	O
,	O
je	O
t’aime	O
bien	O
.	O
	
Ne	O
pleure	O
pas	O
,	O
fais	O
ça	O
pour	O
ta	O
petite	O
chérie	O
.	O
	
Cependant	O
,	O
la	O
soirée	O
se	O
passa	O
bien	O
.	O
	
On	O
en	O
était	O
venu	O
naturellement	O
à	O
causer	O
des	S-LOC
Variétés	O
.	O
	
Cette	O
canaille	O
de	O
Bordenave	S-PER
ne	O
crèverait	O
donc	O
pas	O
?	O
	
Ses	O
sales	O
maladies	O
reparaissaient	O
et	O
le	O
faisaient	O
tellement	O
souffrir	O
,	O
qu’	O
il	O
n’	O
était	O
plus	O
bon	O
à	O
prendre	O
avec	O
des	O
pincettes	O
.	O
	
La	O
veille	O
,	O
pendant	O
la	O
répétition	O
,	O
il	O
avait	O
gueulé	O
tout	O
le	O
temps	O
contre	O
Simonne	S-PER
.	O
	
En	O
voilà	O
un	O
que	O
les	O
artistes	O
ne	O
pleureraient	O
guère	O
!	O
	
Nana	S-PER
dit	O
que	O
,	O
s’	O
il	O
la	O
demandait	O
pour	O
un	O
rôle	O
,	O
elle	O
l’	O
enverrait	O
joliment	O
promener	O
;	O
d’	O
ailleurs	O
,	O
elle	O
parlait	O
de	O
ne	O
plus	O
jouer	O
,	O
le	O
théâtre	O
ne	O
valait	O
pas	O
son	O
chez	O
soi	O
.	O
	
Fontan	S-PER
,	O
qui	O
n’	O
était	O
pas	O
de	O
la	O
nouvelle	O
pièce	O
ni	O
de	O
celle	O
qu’	O
on	O
répétait	O
,	O
exagérait	O
aussi	O
le	O
bonheur	O
d’	O
avoir	O
sa	O
liberté	O
entière	O
,	O
de	O
passer	O
les	O
soirées	O
avec	O
sa	O
petite	O
chatte	O
,	O
les	O
pieds	O
devant	O
le	O
feu	O
.	O
	
Et	O
les	O
autres	O
s’	O
exclamaient	O
,	O
les	O
traitant	O
de	O
veinards	O
,	O
affectant	O
d’	O
envier	O
leur	O
bonheur	O
.	O
	
La	O
forte	O
personne	O
blonde	O
,	O
qui	O
avait	O
comblé	O
Satin	S-PER
d’	O
attentions	O
,	O
eut	O
un	O
rire	O
,	O
dans	O
sa	O
mauvaise	O
humeur	O
;	O
et	O
comme	O
Nana	S-PER
,	O
irritée	O
de	O
ce	O
rire	O
,	O
la	O
regardait	O
d’	O
un	O
œil	O
menaçant	O
,	O
elle	O
dit	O
mollement	O
,	O
la	O
voix	O
traînante	O
:	O
	
Il	O
proposa	O
tout	O
de	O
suite	O
son	O
entremise	O
,	O
en	O
ami	O
obligeant	O
.	O
	
Mais	O
elle	O
refusa	O
.	O
	
Alors	O
,	O
il	O
l’	O
attaqua	O
par	O
un	O
autre	O
point	O
.	O
	
Il	O
lui	O
apprit	O
que	O
Bordenave	S-PER
montait	O
une	O
pièce	O
de	O
Fauchery	S-PER
,	O
où	O
il	O
y	O
avait	O
un	O
rôle	O
superbe	O
pour	O
elle	O
.	O
	
—	O
Ah	O
!	O
	
mes	O
enfants	O
,	O
que	O
vous	O
êtes	O
bien	O
ici	O
!	O
	
répétait	O
Bosc	S-PER
,	O
histoire	O
simplement	O
de	O
faire	O
plaisir	O
aux	O
camarades	O
qui	O
payaient	O
à	O
dîner	O
,	O
car	O
au	O
fond	O
la	O
question	O
de	O
«	O
la	O
niche	O
»	O
,	O
comme	O
il	O
disait	O
,	O
ne	O
le	O
touchait	O
pas	O
.	O
	
—	O
	
Oh	O
!	O
	
ça	O
se	O
voit	O
tout	O
de	O
suite	O
,	O
disait	O
-elle	O
à	O
Nana	S-PER
,	O
il	O
n’	O
a	O
pas	O
le	O
sentiment	O
des	O
moindres	O
convenances	O
.	O
	
Sa	O
mère	O
devait	O
être	O
commune	O
;	O
	
ne	O
dis	O
pas	O
non	O
,	O
ça	O
se	O
sent	O
!…	O
	
Je	O
ne	O
parle	O
pas	O
pour	O
moi	O
,	O
bien	O
qu’	O
une	O
personne	O
de	O
mon	O
âge	O
ait	O
droit	O
aux	O
égards	O
…	O
	
Mais	O
toi	O
,	O
vraiment	O
,	O
comment	O
fais	O
-tu	O
pour	O
endurer	O
ses	O
mauvaises	O
manières	O
;	O
	
car	O
,	O
sans	O
me	O
flatter	O
,	O
je	O
t’ai	O
toujours	O
appris	O
à	O
te	O
tenir	O
,	O
et	O
tu	O
as	O
reçu	O
chez	O
toi	O
les	O
meilleurs	O
conseils	O
.	O
	
Hein	O
?	O
	
nous	O
étions	O
tous	O
très	O
bien	O
dans	O
la	O
famille	O
.	O
	
Cela	O
disait	O
tout	O
,	O
dans	O
son	O
idée	O
.	O
	
Elle	O
aimait	O
trop	O
Fontan	S-PER
pour	O
le	O
trahir	O
avec	O
un	O
ami	O
.	O
	
Les	O
autres	O
ne	O
comptaient	O
pas	O
,	O
du	O
moment	O
qu’	O
il	O
n’	O
y	O
avait	O
pas	O
de	O
plaisir	O
et	O
que	O
c’	O
était	O
par	O
nécessité	O
.	O
	
Devant	O
cet	O
entêtement	O
stupide	O
,	O
Prullière	S-PER
commit	O
une	O
lâcheté	O
de	O
joli	O
homme	O
vexé	O
dans	O
son	O
amour-propre	O
.	O
	
Nana	S-PER
regardait	O
Satin	S-PER
fixement	O
;	O
	
puis	O
,	O
elle	O
eut	O
un	O
léger	O
claquement	O
de	O
langue	O
.	O
	
Enfin	O
,	O
ça	O
lui	O
était	O
égal	O
.	O
	
Mais	O
,	O
comme	O
cette	O
dame	O
les	O
faisait	O
poser	O
,	O
elle	O
déclara	O
qu’	O
elle	O
n’	O
attendrait	O
pas	O
davantage	O
;	O
et	O
toutes	O
deux	O
partirent	O
.	O
	
—	O
Jamais	O
!	O
	
déclara	O
Nana	S-PER
,	O
révoltée	O
.	O
	
Eh	O
bien	O
!	O
	
ils	O
sont	O
propres	O
,	O
les	O
fournisseurs	O
!	O
	
Est	O
-ce	O
qu’	O
ils	O
croient	O
que	O
je	O
suis	O
à	O
vendre	O
,	O
pour	O
acquitter	O
leurs	O
mémoires	O
!	O
…	O
	
Vois	O
-tu	O
,	O
j’	O
aimerais	O
mieux	O
mourir	O
de	O
faim	O
que	O
de	O
tromper	O
Fontan	S-PER
.	O
	
—	O
	
Eh	O
bien	O
!	O
	
c’	O
est	O
du	O
propre	O
,	O
dit	O
la	O
tante	O
qui	O
avait	O
compris	O
.	O
	
—	O
Non	O
!	O
	
dit	O
-elle	O
énergiquement	O
.	O
	
Elle	O
étranglait	O
.	O
	
Elle	O
reprit	O
haleine	O
.	O
	
—	O
	
Voyons	O
,	O
dit	O
-il	O
enfin	O
,	O
il	O
faut	O
te	O
remettre	O
…	O
Monte	O
chez	O
moi	O
.	O
	
Et	O
elle	O
se	O
récria	O
sur	O
la	O
gentillesse	O
des	O
pièces	O
.	O
	
Nana	S-PER
lui	O
fit	O
visiter	O
la	O
chambre	O
,	O
la	O
salle	O
à	O
manger	O
,	O
jusqu’	O
à	O
la	O
cuisine	O
.	O
	
Dame	O
!	O
	
ce	O
n’	O
était	O
pas	O
immense	O
,	O
mais	O
on	O
avait	O
refait	O
les	O
peintures	O
,	O
changé	O
les	O
papiers	O
;	O
et	O
le	O
soleil	O
entrait	O
là	O
gaiement	O
.	O
	
—	O
	
Tu	O
comprends	O
,	O
je	O
ne	O
suis	O
pas	O
assez	O
bête	O
pour	O
entretenir	O
des	O
tantes	O
et	O
des	O
enfants	O
qui	O
ne	O
sont	O
pas	O
à	O
moi	O
…	O
	
Ça	O
t’a	O
plu	O
de	O
dépenser	O
ton	O
argent	O
,	O
ça	O
te	O
regarde	O
;	O
	
mais	O
le	O
mien	O
,	O
c’	O
est	O
sacré	O
!	O
…	O
	
Quand	O
tu	O
feras	O
cuire	O
un	O
gigot	O
,	O
j’	O
en	O
paierai	O
la	O
moitié	O
.	O
	
Le	O
soir	O
,	O
nous	O
réglerons	O
,	O
voilà	O
!	O
	
—	O
	
En	O
voilà	O
une	O
cochonnerie	O
!	O
	
cria	O
-t	O
-il	O
en	O
y	O
trempant	O
les	O
lèvres	O
.	O
	
Tu	O
as	O
donc	O
mis	O
du	O
sel	O
!	O
	
Le	O
lendemain	O
,	O
Fontan	S-PER
ayant	O
averti	O
Nana	S-PER
qu’	O
il	O
ne	O
rentrerait	O
pas	O
dîner	O
,	O
elle	O
descendit	O
de	O
bonne	O
heure	O
chercher	O
Satin	S-PER
,	O
pour	O
lui	O
payer	O
un	O
régal	O
dans	O
un	O
restaurant	O
.	O
	
Le	O
choix	O
du	O
restaurant	O
fut	O
une	O
grosse	O
question	O
.	O
	
Satin	S-PER
proposait	O
des	O
brasseries	O
que	O
Nana	S-PER
trouvait	O
infectes	O
.	O
	
Enfin	O
,	O
elle	O
la	O
décida	O
à	O
manger	O
chez	B-LOC
Laure	E-PER
.	O
	
C’	O
était	O
une	O
table	O
d’	O
hôte	O
,	O
rue	S-LOC
des	O
Martyrs	O
,	O
où	O
le	O
dîner	O
coûtait	O
trois	O
francs	O
.	O
	
—	O
Oui	O
,	O
n’aie	O
pas	O
peur	O
…	O
	
Je	O
travaillerai	O
.	O
	
VIII	O
	
—	O
	
Ma	O
fille	O
,	O
où	O
il	O
y	O
a	O
des	O
femmes	O
,	O
il	O
y	O
a	O
des	O
claques	O
.	O
	
C’	O
est	O
Napoléon	S-PER
qui	O
a	O
dit	O
ça	O
,	O
je	O
crois…	O
Lave	O
-toi	O
avec	O
de	O
l’	O
eau	O
salée	O
.	O
	
Excellent	O
,	O
l’	O
eau	O
salée	O
,	O
pour	O
ces	O
bobos	O
.	O
	
Va	O
,	O
tu	O
en	O
recevras	O
d’	O
autres	O
;	O
et	O
ne	O
te	O
plains	O
pas	O
,	O
tant	O
que	O
tu	O
n’aura	O
rien	O
de	O
cassé	O
…	O
	
Tu	O
sais	O
,	O
je	O
m’invite	O
,	O
j’	O
ai	O
vu	O
un	O
gigot	O
.	O
	
Nana	S-PER
étudia	O
le	O
portrait	O
un	O
instant	O
.	O
	
Il	O
représentait	O
une	O
femme	O
très	O
brune	O
,	O
au	O
visage	O
allongé	O
,	O
les	O
lèvres	O
pincées	O
dans	O
un	O
sourire	O
discret	O
.	O
	
On	O
aurait	O
dit	O
tout	O
à	O
fait	O
une	O
dame	O
du	O
monde	O
,	O
avec	O
plus	O
de	O
retenue	O
.	O
	
—	O
	
Que	O
diable	O
!	O
mangez	O
,	O
vous	O
avez	O
bien	O
le	O
temps	O
!	O
	
répétait	O
Bosc	S-PER
,	O
la	O
bouche	O
pleine	O
.	O
	
Attendez	O
que	O
nous	O
ne	O
soyons	O
plus	O
là	O
.	O
	
—	O
Les	O
agents	O
,	O
souffla	O
-t	O
-elle	O
.	O
	
Hue	O
donc	O
!	O
hue	O
donc	O
!	O
	
Elle	O
fut	O
horriblement	O
blessée	O
.	O
	
Toute	O
la	O
soirée	O
,	O
il	O
la	O
blagua	O
,	O
en	O
l’	O
appelant	O
mademoiselle	S-PER
Mars	O
.	O
	
Et	O
plus	O
il	O
tapait	O
sur	O
elle	O
,	O
plus	O
elle	O
tenait	O
bon	O
,	O
goûtant	O
une	O
jouissance	O
amère	O
dans	O
cet	O
héroïsme	O
de	O
sa	O
toquade	O
,	O
qui	O
la	O
rendait	O
très	O
grande	O
et	O
très	O
amoureuse	O
à	O
ses	O
propres	O
yeux	O
.	O
	
Depuis	O
qu’	O
elle	O
allait	O
avec	O
d’	O
autres	O
pour	O
le	O
nourrir	O
,	O
elle	O
l’	O
aimait	O
davantage	O
,	O
de	O
toute	O
la	O
fatigue	O
et	O
de	O
tous	O
les	O
dégoûts	O
qu’	O
elle	O
rapportait	O
.	O
	
Il	O
devenait	O
son	O
vice	O
,	O
qu’	O
elle	O
payait	O
,	O
son	O
besoin	O
,	O
dont	O
elle	O
ne	O
pouvait	O
se	O
passer	O
,	O
sous	O
l’	O
aiguillon	O
des	O
gifles	O
.	O
	
Lui	O
,	O
en	O
voyant	O
la	O
bonne	O
bête	O
,	O
finissait	O
par	O
abuser	O
.	O
	
Elle	O
lui	O
donnait	O
sur	O
les	O
nerfs	O
,	O
il	O
se	O
prenait	O
d’	O
une	O
haine	O
féroce	O
,	O
au	O
point	O
de	O
ne	O
plus	O
tenir	O
compte	O
de	O
ses	O
intérêts	O
.	O
	
Lorsque	O
Bosc	S-PER
lui	O
adressait	O
des	O
observations	O
,	O
il	O
criait	O
,	O
exaspéré	O
,	O
sans	O
qu’	O
on	O
sût	O
pourquoi	O
,	O
qu’	O
il	O
se	O
fichait	O
d’	O
elle	O
et	O
de	O
ses	O
bons	O
dîners	O
,	O
qu’	O
il	O
la	O
flanquerait	O
dehors	O
rien	O
que	O
pour	O
faire	O
cadeau	O
de	O
ses	O
sept	O
mille	O
francs	O
à	O
une	O
autre	O
femme	O
.	O
	
Et	O
ce	O
fut	O
là	O
le	O
dénouement	O
de	O
leur	O
liaison	O
.	O
	
