Alors	O
,	O
Clarisse	S-PER
lâcha	O
l’	O
idée	O
de	O
faire	O
une	O
scène	O
à	O
la	S-PER
Faloise	O
.	O
	
Elle	O
avait	O
vu	O
madame	S-PER
Bron	O
remettre	O
la	O
lettre	O
au	O
jeune	O
homme	O
de	O
Simonne	S-PER
.	O
	
Celui-ci	O
était	O
allé	O
la	O
lire	O
sous	O
le	O
bec	O
de	O
gaz	O
du	O
vestibule	O
.	O
	
«	O
Pas	O
possible	O
ce	O
soir	O
,	O
mon	O
chéri	O
,	O
je	O
suis	O
prise	O
.	O
	
»	O
Et	O
,	O
paisiblement	O
,	O
habitué	O
à	O
la	O
phrase	O
sans	O
doute	O
,	O
il	O
avait	O
disparu	O
.	O
	
Au	O
moins	O
en	O
voilà	O
un	O
qui	O
savait	O
se	O
conduire	O
!	O
	
Ce	O
n’	O
était	O
pas	O
comme	O
les	O
autres	O
,	O
ceux	O
qui	O
s’	O
entêtaient	O
là	O
,	O
sur	O
les	O
chaises	O
dépaillées	O
de	O
madame	S-PER
Bron	O
,	O
dans	O
cette	O
grande	O
lanterne	O
vitrée	O
,	O
où	O
l’	O
on	O
cuisait	O
et	O
qui	O
ne	O
sentait	O
guère	O
bon	O
.	O
	
Fallait	O
-il	O
que	O
ça	O
tînt	O
les	O
hommes	O
!	O
	
Clarisse	S-PER
remonta	O
,	O
dégoûtée	O
;	O
	
elle	O
traversa	O
la	O
scène	O
,	O
elle	O
grimpa	O
lestement	O
les	O
trois	O
étages	O
de	O
l’	O
escalier	O
des	O
loges	O
,	O
pour	O
rendre	O
réponse	O
à	O
Simonne	S-PER
.	O
	
La	O
vieille	O
dame	O
resta	O
grave	O
.	O
	
Prullière	S-PER
,	O
en	O
passant	O
,	O
lui	O
donna	O
une	O
poignée	O
de	O
main	O
.	O
	
Deux	O
petites	O
figurantes	O
la	O
contemplaient	O
avec	O
émotion	O
.	O
	
Elle	O
,	O
un	O
moment	O
,	O
parut	O
hésitante	O
.	O
	
Puis	O
,	O
elle	O
appela	O
Simonne	S-PER
d’	O
un	O
geste	O
.	O
	
Et	O
l’	O
échange	O
rapide	O
de	O
paroles	O
recommença	O
.	O
	
—	O
Son	S-PER
Altesse	O
me	O
comble	O
,	O
disait	O
Bordenave	S-PER
en	O
s’	O
inclinant	O
toujours	O
.	O
	
Le	O
théâtre	O
n’	O
est	O
pas	O
grand	O
,	O
nous	O
faisons	O
ce	O
que	O
nous	O
pouvons	O
…	O
	
Maintenant	O
,	O
si	O
Son	S-PER
Altesse	O
daigne	O
me	O
suivre	O
…	O
	
Alors	O
,	O
Simonne	S-PER
,	O
en	O
blanchisseuse	O
d’	O
opéra-comique	O
,	O
les	O
épaules	O
couvertes	O
de	O
sa	O
fourrure	O
,	O
descendit	O
l’	O
étroit	O
escalier	O
tournant	O
,	O
aux	O
marches	O
grasses	O
,	O
aux	O
murailles	O
humides	O
,	O
qui	O
menait	O
à	O
la	O
loge	O
de	O
la	O
concierge	O
.	O
	
Cette	O
loge	O
,	O
placée	O
entre	O
l’	O
escalier	O
des	O
artistes	O
et	O
l’	O
escalier	O
de	O
l’	O
administration	O
,	O
fermée	O
à	O
droite	O
et	O
à	O
gauche	O
par	O
de	O
larges	O
cloisons	O
vitrées	O
,	O
était	O
comme	O
une	O
grande	O
lanterne	O
transparente	O
,	O
où	O
brûlaient	O
violemment	O
deux	O
flammes	O
de	O
gaz	O
.	O
	
Dans	O
un	O
casier	O
,	O
des	O
lettres	O
,	O
des	O
journaux	O
s’	O
empilaient	O
.	O
	
Sur	O
la	O
table	O
,	O
il	O
y	O
avait	O
des	O
bouquets	O
de	O
fleurs	O
,	O
qui	O
attendaient	O
à	O
côté	O
d’	O
assiettes	O
sales	O
oubliées	O
et	O
d’	O
un	O
vieux	O
corsage	O
dont	O
la	O
concierge	O
refaisait	O
les	O
boutonnières	O
.	O
	
Et	O
,	O
au	O
milieu	O
de	O
ce	O
désordre	O
de	O
soupente	O
mal	O
tenue	O
,	O
des	O
messieurs	O
du	O
monde	O
,	O
gantés	O
,	O
corrects	O
,	O
occupaient	O
les	O
quatre	O
vieilles	O
chaises	O
de	O
paille	O
,	O
l’	O
air	O
patient	O
et	O
soumis	O
,	O
tournant	O
vivement	O
la	O
tête	O
,	O
chaque	O
fois	O
que	O
madame	S-PER
Bron	O
redescendait	O
du	O
théâtre	O
avec	O
des	O
réponses	O
.	O
	
Elle	O
venait	O
justement	O
de	O
remettre	O
une	O
lettre	O
à	O
un	O
jeune	O
homme	O
,	O
qui	O
s’	O
était	O
hâté	O
de	O
l’	O
ouvrir	O
dans	O
le	O
vestibule	O
,	O
sous	O
le	O
bec	O
de	O
gaz	O
,	O
et	O
qui	O
avait	O
légèrement	O
pâli	O
,	O
en	O
trouvant	O
cette	O
phrase	O
classique	O
,	O
lue	O
tant	O
de	O
fois	O
à	O
cette	O
place	O
:	O
«	O
Pas	O
possible	O
ce	O
soir	O
,	O
mon	O
chéri	O
,	O
je	O
suis	O
prise	O
.	O
	
»	O
La	S-PER
Faloise	O
était	O
sur	O
une	O
des	O
chaises	O
,	O
au	O
fond	O
,	O
entre	O
la	O
table	O
et	O
le	O
poêle	O
;	O
	
il	O
semblait	O
décidé	O
à	O
passer	O
la	O
soirée	O
là	O
,	O
inquiet	O
pourtant	O
,	O
rentrant	O
ses	O
longues	O
jambes	O
,	O
parce	O
que	O
toute	O
une	O
portée	O
de	O
petits	O
chats	O
noirs	O
s’	O
acharnaient	O
autour	O
de	O
lui	O
,	O
tandis	O
que	O
la	O
chatte	O
,	O
assise	O
sur	O
son	O
derrière	O
,	O
le	O
regardait	O
fixement	O
de	O
ses	O
yeux	O
jaunes	O
.	O
	
—	O
C’	O
est	O
moi	O
qui	O
suis	O
importun	O
,	O
dit	O
le	O
prince	O
;	O
	
mais	O
je	O
n’	O
ai	O
pu	O
,	O
madame	O
,	O
résister	O
au	O
désir	O
de	O
vous	O
complimenter	O
…	O
	
L’	O
habilleuse	O
,	O
une	O
jeune	O
fille	O
très	O
laide	O
et	O
très	O
familière	O
,	O
en	O
train	O
d’	O
aider	O
Simonne	S-PER
à	O
mettre	O
son	O
manteau	O
,	O
se	O
tordit	O
de	O
rire	O
.	O
	
Toutes	O
trois	O
se	O
poussaient	O
,	O
balbutiaient	O
des	O
mots	O
qui	O
redoublaient	O
leur	O
gaieté	O
.	O
	
Cependant	O
,	O
les	O
artistes	O
en	O
paletot	O
,	O
le	O
visage	O
las	O
,	O
partaient	O
un	O
à	O
un	O
.	O
	
Des	O
groupes	O
d’	O
hommes	O
et	O
de	O
femmes	O
descendaient	O
le	O
petit	O
escalier	O
tournant	O
,	O
mettaient	O
dans	O
l’	O
ombre	O
des	O
profils	O
de	O
chapeaux	O
défoncés	O
,	O
de	O
châles	O
fripés	O
,	O
une	O
laideur	O
blême	O
de	O
cabotins	O
qui	O
ont	O
enlevé	O
leur	O
rouge	O
.	O
	
Sur	O
la	O
scène	O
,	O
où	O
l’	O
on	O
éteignait	O
les	O
portants	O
et	O
les	O
herses	O
,	O
le	O
prince	O
écoutait	O
une	O
anecdote	O
de	O
Bordenave	S-PER
.	O
	
Il	O
voulait	O
attendre	O
Nana	S-PER
.	O
	
Quand	O
celle-ci	O
parut	O
enfin	O
,	O
la	O
scène	O
était	O
noire	O
,	O
le	O
pompier	O
de	O
service	O
,	O
achevant	O
sa	O
ronde	O
,	O
promenait	O
une	O
lanterne	O
.	O
	
Bordenave	S-PER
,	O
pour	O
éviter	O
à	O
Son	S-PER
Altesse	O
le	O
détour	O
du	S-LOC
passage	O
des	O
Panoramas	O
,	O
venait	O
de	O
faire	O
ouvrir	O
le	O
couloir	O
qui	O
va	O
de	O
la	O
loge	O
de	O
la	O
concierge	O
au	O
vestibule	O
du	O
théâtre	O
.	O
	
Et	O
c’	O
était	O
,	O
le	O
long	O
de	O
cette	O
allée	O
,	O
un	O
sauve-qui-peut	O
de	O
petites	O
femmes	O
,	O
heureuses	O
d’	O
échapper	O
aux	O
hommes	O
en	O
train	O
de	O
poser	O
dans	O
le	O
passage	O
.	O
	
Elles	O
se	O
bousculaient	O
,	O
serrant	O
les	O
coudes	O
,	O
jetant	O
des	O
regards	O
en	O
arrière	O
,	O
respirant	O
seulement	O
dehors	O
;	O
	
tandis	O
que	O
Fontan	S-PER
,	O
Bosc	S-PER
et	O
Prullière	S-PER
se	O
retiraient	O
lentement	O
,	O
en	O
blaguant	O
la	O
tête	O
des	O
hommes	O
sérieux	O
,	O
qui	O
arpentaient	O
la	O
galerie	O
des	S-LOC
Variétés	O
,	O
à	O
l’	O
heure	O
où	O
les	O
petites	O
filaient	O
par	O
le	O
boulevard	O
,	O
avec	O
des	O
amants	O
de	O
cœur	O
.	O
	
Mais	O
Clarisse	S-PER
surtout	O
fut	O
maligne	O
.	O
	
Elle	O
se	O
méfiait	O
de	O
la	S-PER
Faloise	O
.	O
	
En	O
effet	O
,	O
il	O
était	O
encore	O
là	O
,	O
dans	O
la	O
loge	O
,	O
en	O
compagnie	O
des	O
messieurs	O
qui	O
s’	O
entêtaient	O
sur	O
les	O
chaises	O
de	O
madame	S-PER
Bron	O
.	O
	
Tous	O
tendaient	O
le	O
nez	O
.	O
	
Alors	O
,	O
elle	O
passa	O
raide	O
,	O
derrière	O
une	O
amie	O
.	O
	
Ces	O
messieurs	O
clignaient	O
les	O
paupières	O
,	O
ahuris	O
par	O
cette	O
dégringolade	O
de	O
jupes	O
tourbillonnant	O
au	O
pied	O
de	O
l’	O
étroit	O
escalier	O
,	O
désespérés	O
d’	O
attendre	O
depuis	O
si	O
longtemps	O
,	O
pour	O
les	O
voir	O
ainsi	O
s’	O
envoler	O
toutes	O
,	O
sans	O
en	O
reconnaître	O
une	O
seule	O
.	O
	
La	O
portée	O
des	O
chats	O
noirs	O
dormait	O
sur	O
la	O
toile	O
cirée	O
,	O
contre	O
le	O
ventre	O
de	O
la	O
mère	O
,	O
béate	O
et	O
les	O
pattes	O
élargies	O
;	O
	
pendant	O
que	O
le	O
gros	O
chat	O
rouge	O
,	O
assis	O
à	O
l’	O
autre	O
bout	O
de	O
la	O
table	O
,	O
la	O
queue	O
allongée	O
,	O
regardait	O
de	O
ses	O
yeux	O
jaunes	O
les	O
femmes	O
se	O
sauver	O
.	O
	
Elle	O
cherchait	O
Satin	S-PER
.	O
	
Lorsqu’	O
elle	O
l’	O
eut	O
retrouvée	O
derrière	O
le	O
rideau	O
,	O
attendant	O
sur	O
la	O
malle	O
,	O
Satin	S-PER
lui	O
répondit	O
tranquillement	O
:	O
	
—	O
Parbleu	O
!	O
quand	O
on	O
va	O
en	O
ville	O
!	O
	
murmura	O
méchamment	O
Prullière	S-PER
,	O
en	O
se	O
levant	O
pour	O
jeter	O
dans	O
la	O
glace	O
un	O
coup	O
d’	O
œil	O
de	O
bel	O
homme	O
adoré	O
des	O
loges	O
.	O
	
—	O
	
Il	O
est	O
un	O
peu	O
mufe	O
tout	O
de	O
même	O
,	O
dit	O
-il	O
sans	O
s’	O
expliquer	O
davantage	O
à	O
Fauchery	S-PER
,	O
que	O
Rose	S-PER
Mignon	O
emmenait	O
avec	O
son	O
mari	O
,	O
pour	O
les	O
réconcilier	O
chez	O
elle	O
.	O
	
—	O
	
Si	O
Son	S-PER
Altesse	O
veut	O
bien	O
me	O
suivre	O
…	O
	
Son	S-PER
Altesse	O
daignerait	O
-elle	O
passer	O
par	O
ici…	O
	
Que	O
Son	S-PER
Altesse	O
prenne	O
garde…	O
	
—	O
	
Oh	O
!	O
	
le	S-PER
père	O
Bosc	O
a	O
fait	O
un	O
effet	O
!	O
	
cria	O
-t	O
-elle	O
.	O
	
Le	O
prince	O
se	O
tortillait	O
de	O
rire	O
,	O
et	O
il	O
applaudissait	O
avec	O
les	O
autres	O
,	O
comme	O
si	O
on	O
l’	O
avait	O
payé	O
…	O
	
Dites	O
donc	O
,	O
connaissez	O
-vous	O
le	O
grand	O
monsieur	O
qui	O
est	O
à	O
côté	O
du	O
prince	O
dans	O
l’	O
avant-scène	O
?	O
	
Un	O
bel	O
homme	O
,	O
l’	O
air	O
très	O
digne	O
,	O
des	O
favoris	O
superbes	O
.	O
	
—	O
Mon	O
Dieu	S-PER
!	O
qu’	O
il	O
fait	O
chaud	O
ici	O
,	O
dit	O
-il	O
.	O
	
Comment	O
faites	O
-vous	O
,	O
madame	O
,	O
pour	O
vivre	O
dans	O
une	O
pareille	O
température	O
?	O
	
—	O
Ah	O
!	O
	
les	O
chameaux	O
!	O
	
s’	O
écria	O
tout	O
à	O
coup	O
la	O
voix	O
enrouée	O
de	O
Bordenave	S-PER
.	O
	
Tout	O
le	O
monde	O
se	O
mit	O
à	O
rire	O
,	O
d’	O
une	O
façon	O
exagérée	O
,	O
pour	O
faire	O
sa	O
cour	O
.	O
	
Un	O
mot	O
exquis	O
,	O
tout	O
à	O
fait	O
parisien	O
,	O
comme	O
le	O
remarqua	O
Bordenave	S-PER
.	O
	
Nana	S-PER
ne	O
répondait	O
plus	O
,	O
le	O
rideau	O
remuait	O
,	O
elle	O
se	O
décidait	O
sans	O
doute	O
.	O
	
Alors	O
,	O
le	S-PER
comte	O
Muffat	O
,	O
le	O
sang	O
aux	O
joues	O
,	O
examina	O
la	O
loge	O
.	O
	
C’	O
était	O
une	O
pièce	O
carrée	O
,	O
très	O
basse	O
de	O
plafond	O
,	O
tendue	O
entièrement	O
d’	O
une	O
étoffe	O
havane	O
clair	O
.	O
	
Le	O
rideau	O
de	O
même	O
étoffe	O
,	O
porté	O
par	O
une	O
tringle	O
de	O
cuivre	O
,	O
ménageait	O
au	O
fond	O
une	O
sorte	O
de	O
cabinet	O
.	O
	
Deux	O
larges	O
fenêtres	O
ouvraient	O
sur	O
la	O
cour	O
du	O
théâtre	O
,	O
à	O
trois	O
mètres	O
au	O
plus	O
d’	O
une	O
muraille	O
lépreuse	O
,	O
contre	O
laquelle	O
,	O
dans	O
le	O
noir	O
de	O
la	O
nuit	O
,	O
les	O
vitres	O
jetaient	O
des	O
carrés	O
jaunes	O
.	O
	
Une	O
grande	O
psyché	O
faisait	O
face	O
à	O
une	O
toilette	O
de	O
marbre	O
blanc	O
,	O
garnie	O
d’	O
une	O
débandade	O
de	O
flacons	O
et	O
de	O
boîtes	O
de	O
cristal	O
,	O
pour	O
les	O
huiles	O
,	O
les	O
essences	O
et	O
les	O
poudres	O
.	O
	
Le	O
comte	O
s’	O
approcha	O
de	O
la	O
psyché	O
,	O
se	O
vit	O
très	O
rouge	O
,	O
de	O
fines	O
gouttes	O
de	O
sueur	O
au	O
front	O
;	O
	
il	O
baissa	O
les	O
yeux	O
,	O
il	O
vint	O
se	O
planter	O
devant	O
la	O
toilette	O
,	O
où	O
la	O
cuvette	O
pleine	O
d’	O
eau	O
savonneuse	O
,	O
les	O
petits	O
outils	O
d’	O
ivoire	O
épars	O
,	O
les	O
éponges	O
humides	O
,	O
parurent	O
l’	O
absorber	O
un	O
instant	O
.	O
	
Ce	O
sentiment	O
de	O
vertige	O
qu’	O
il	O
avait	O
éprouvé	O
à	O
sa	O
première	O
visite	O
chez	O
Nana	S-PER
,	O
boulevard	S-LOC
Haussmann	O
,	O
l’	O
envahissait	O
de	O
nouveau	O
.	O
	
Sous	O
ses	O
pieds	O
,	O
il	O
sentait	O
mollir	O
le	O
tapis	O
épais	O
de	O
la	O
loge	O
;	O
	
les	O
becs	O
de	O
gaz	O
,	O
qui	O
brûlaient	O
à	O
la	O
toilette	O
et	O
à	O
la	O
psyché	O
,	O
mettaient	O
des	O
sifflements	O
de	O
flamme	O
autour	O
de	O
ses	O
tempes	O
.	O
	
Un	O
moment	O
,	O
craignant	O
de	O
défaillir	O
dans	O
cette	O
odeur	O
de	O
femme	O
qu’	O
il	O
retrouvait	O
,	O
chauffée	O
,	O
décuplée	O
sous	O
le	O
plafond	O
bas	O
,	O
il	O
s’	O
assit	O
au	O
bord	O
du	O
divan	O
capitonné	O
,	O
entre	O
les	O
deux	O
fenêtres	O
.	O
	
Mais	O
il	O
se	O
releva	O
tout	O
de	O
suite	O
,	O
retourna	O
près	O
de	O
la	O
toilette	O
,	O
ne	O
regarda	O
plus	O
rien	O
,	O
les	O
yeux	O
vagues	O
,	O
songeant	O
à	O
un	O
bouquet	O
de	O
tubéreuses	O
,	O
qui	O
s’	O
était	O
fané	O
dans	O
sa	O
chambre	O
autrefois	O
,	O
et	O
dont	O
il	O
avait	O
failli	O
mourir	O
.	O
	
Quand	O
les	O
tubéreuses	O
se	O
décomposent	O
,	O
elles	O
ont	O
une	O
odeur	O
humaine	O
.	O
	
Fontan	S-PER
s’	O
était	O
précipité	O
,	O
répétant	O
:	O
—	O
Alors	O
,	O
reprit	O
la	O
concierge	O
quand	O
elle	O
eut	O
servi	O
les	O
figurants	O
,	O
c’	O
est	O
ce	O
petit	O
brun	O
là-bas	O
,	O
que	O
vous	O
voulez	O
?	O
	
De	O
nouveau	O
,	O
une	O
paix	O
lourde	O
régnait	O
dans	O
le	O
foyer	O
des	O
artistes	O
,	O
comme	O
à	O
cent	O
lieues	O
de	O
cette	O
salle	O
,	O
où	O
toute	O
une	O
foule	O
applaudissait	O
.	O
	
Simonne	S-PER
et	O
Clarisse	S-PER
en	O
étaient	O
toujours	O
sur	O
Nana	S-PER
.	O
	
En	O
voilà	O
une	O
qui	O
ne	O
se	O
pressait	O
guère	O
!	O
	
la	O
veille	O
encore	O
elle	O
avait	O
manqué	O
son	O
entrée	O
.	O
	
Mais	O
tous	O
se	O
turent	O
,	O
une	O
grande	O
fille	O
venait	O
d’	O
allonger	O
la	O
tête	O
,	O
puis	O
,	O
voyant	O
qu’	O
elle	O
se	O
trompait	O
,	O
avait	O
filé	O
au	O
fond	O
du	O
couloir	O
.	O
	
C’	O
était	O
Satin	S-PER
,	O
avec	O
un	O
chapeau	O
et	O
une	O
voilette	O
,	O
prenant	O
des	O
airs	O
de	O
dame	O
en	O
visite	O
.	O
	
Une	O
jolie	O
roulure	O
!	O
	
murmura	O
Prullière	S-PER
,	O
qui	O
la	O
rencontrait	O
depuis	O
un	O
an	O
au	S-LOC
café	O
des	O
Variétés	O
.	O
	
Et	O
Simonne	S-PER
conta	O
comment	O
Nana	S-PER
,	O
ayant	O
reconnu	O
Satin	S-PER
,	O
une	O
ancienne	O
amie	O
de	O
pension	O
,	O
s’	O
était	O
toquée	O
d’	O
elle	O
et	O
tannait	O
Bordenave	O
pour	O
qu’	O
il	O
la	O
fît	O
débuter	O
.	O
	
—	O
	
Où	O
est	O
-elle	O
donc	O
?	O
	
demanda	O
-t	O
-elle	O
.	O
	
Un	O
cri	O
de	O
femme	O
surprise	O
se	O
fit	O
entendre	O
,	O
et	O
l’	O
on	O
vit	O
Nana	S-PER
,	O
nue	O
jusqu’	O
à	O
la	O
ceinture	O
,	O
qui	O
se	O
sauvait	O
derrière	O
un	O
rideau	O
,	O
tandis	O
que	O
son	O
habilleuse	O
,	O
en	O
train	O
de	O
l’	O
essuyer	O
,	O
demeurait	O
avec	O
la	O
serviette	O
en	O
l’	O
air	O
.	O
	
Mais	O
un	O
murmure	O
courut	O
:	O
«	O
Le	O
prince	O
!	O
	
Le	O
prince	O
!	O
»	O
Et	O
chacun	O
tourna	O
les	O
yeux	O
vers	O
la	O
petite	O
porte	O
de	O
la	O
salle	O
.	O
	
On	O
n’	O
apercevait	O
encore	O
que	O
le	O
dos	O
rond	O
de	O
Bordenave	S-PER
,	O
avec	O
son	O
cou	O
de	O
boucher	O
,	O
qui	O
se	O
pliait	O
et	O
se	O
renflait	O
dans	O
une	O
série	O
de	O
saluts	O
obséquieux	O
.	O
	
Puis	O
,	O
le	O
prince	O
parut	O
,	O
grand	O
,	O
fort	O
,	O
la	O
barbe	O
blonde	O
,	O
la	O
peau	O
rose	O
,	O
d’	O
une	O
distinction	O
de	O
viveur	O
solide	O
,	O
dont	O
les	O
membres	O
carrés	O
s’indiquaient	O
sous	O
la	O
coupe	O
irréprochable	O
de	O
la	O
redingote	O
.	O
	
Derrière	O
lui	O
,	O
marchaient	O
le	S-PER
comte	O
Muffat	O
et	O
le	S-PER
marquis	O
de	O
Chouard	O
.	O
	
Ce	O
coin	O
du	O
théâtre	O
était	O
obscur	O
,	O
le	O
groupe	O
s’	O
y	O
noyait	O
,	O
au	O
milieu	O
de	O
grandes	O
ombres	O
mouvantes	O
.	O
	
Pour	O
parler	O
à	O
un	O
fils	O
de	O
reine	O
,	O
au	O
futur	O
héritier	O
d’	O
un	O
trône	O
,	O
Bordenave	S-PER
avait	O
pris	O
une	O
voix	O
de	O
montreur	O
d’ours	O
,	O
tremblante	O
d’	O
une	O
fausse	O
émotion	O
.	O
	
Il	O
répétait	O
:	O
	
Complaisamment	O
,	O
le	O
prince	O
balançait	O
son	O
verre	O
.	O
	
Il	O
attendit	O
,	O
il	O
salua	O
trois	O
fois	O
,	O
en	O
murmurant	O
:	O
	
—	O
	
Vous	O
savez	O
,	O
je	O
suis	O
propriétaire	O
…	O
	
Oui	O
,	O
j’	O
achète	O
une	O
maison	O
de	O
campagne	O
,	O
près	O
d’	O
Orléans	S-LOC
,	O
dans	O
un	O
pays	O
où	O
vous	O
allez	O
quelquefois	O
.	O
	
Bébé	S-PER
m’	O
a	O
dit	O
ça	O
,	O
le	O
petit	O
Georges	S-PER
Hugon	O
,	O
vous	O
le	O
connaissez	O
?	O
…	O
Venez	O
donc	O
me	O
voir	O
,	O
là-bas	O
.	O
	
—	O
	
Je	O
vais	O
recevoir	O
Son	S-PER
Altesse	O
.	O
	
Et	O
il	O
l’	O
emportait	O
,	O
et	O
il	O
le	O
secouait	O
,	O
avant	O
de	O
le	O
remettre	O
par	O
terre	O
.	O
	
Devant	O
les	O
rires	O
exagérés	O
des	O
machinistes	O
,	O
Fauchery	S-PER
devint	O
pâle	O
;	O
	
ses	O
lèvres	O
tremblaient	O
,	O
il	O
fut	O
sur	O
le	O
point	O
de	O
se	O
révolter	O
,	O
pendant	O
que	O
Mignon	S-PER
se	O
faisait	O
bonhomme	O
,	O
lui	O
donnant	O
sur	O
l’	O
épaule	O
des	O
tapes	O
affectueuses	O
à	O
le	O
casser	O
en	O
deux	O
,	O
répétant	O
:	O
	
Et	O
elle	O
ajouta	O
que	O
,	O
maintenant	O
,	O
elle	O
s’	O
en	O
allait	O
.	O
	
Mais	O
Nana	S-PER
la	O
retint	O
.	O
	
Était	O
-elle	O
bête	O
!	O
	
Puisque	O
Bordenave	S-PER
consentait	O
à	O
la	O
prendre	O
!	O
	
On	O
terminerait	O
l’	O
affaire	O
après	O
le	O
spectacle	O
.	O
	
Satin	S-PER
hésitait	O
.	O
	
Il	O
y	O
avait	O
trop	O
de	O
machines	O
,	O
ce	O
n’	O
était	O
plus	O
son	O
monde	O
.	O
	
Pourtant	O
,	O
elle	O
resta	O
.	O
	
—	O
Bonsoir	O
,	O
bébé	S-PER
,	O
dit	O
Fauchery	S-PER
,	O
qui	O
,	O
familièrement	O
,	O
la	O
baisa	O
.	O
	
Simonne	S-PER
et	O
Clarisse	S-PER
s’	O
en	O
étaient	O
allées	O
,	O
avec	O
un	O
grand	O
bruit	O
de	O
jupes	O
.	O
	
Tout	O
s’	O
engouffra	O
;	O
et	O
,	O
lorsque	O
la	O
porte	O
du	O
couloir	O
fut	O
retombée	O
sourdement	O
,	O
on	O
entendit	O
,	O
dans	O
le	O
silence	O
du	O
foyer	O
,	O
une	O
nouvelle	O
giboulée	O
qui	O
battait	O
la	O
fenêtre	O
.	O
	
Barillot	S-PER
,	O
un	O
petit	O
vieillard	O
blême	O
,	O
garçon	O
de	O
théâtre	O
depuis	O
trente	O
ans	O
,	O
s’	O
était	O
familièrement	O
approché	O
de	O
Mignon	S-PER
,	O
en	O
présentant	O
sa	O
tabatière	O
ouverte	O
.	O
	
Cette	O
prise	O
offerte	O
et	O
acceptée	O
lui	O
donnait	O
une	O
minute	O
de	O
repos	O
,	O
dans	O
ses	O
continuelles	O
courses	O
à	O
travers	O
l’	O
escalier	O
et	O
les	O
couloirs	O
des	O
loges	O
.	O
	
Il	O
y	O
avait	O
bien	O
encore	O
madame	S-PER
Nana	O
,	O
comme	O
il	O
la	O
nommait	O
;	O
	
mais	O
celle	O
-là	O
n’	O
en	O
faisait	O
qu’	O
à	O
sa	O
tête	O
et	O
se	O
fichait	O
des	O
amendes	O
;	O
quand	O
elle	O
voulait	O
manquer	O
son	O
entrée	O
,	O
elle	O
la	O
manquait	O
.	O
	
Il	O
s’	O
arrêta	O
,	O
étonné	O
,	O
murmurant	O
:	O
	
—	O
	
Tout	O
de	O
suite	O
,	O
n’	O
est	O
-ce	O
pas	O
?	O
	
dit	O
-elle	O
en	O
se	O
retournant	O
vers	O
Simonne	S-PER
.	O
	
Simonne	S-PER
semblait	O
fort	O
ennuyée	O
.	O
	
La	O
lettre	O
était	O
d’	O
un	O
jeune	O
homme	O
auquel	O
elle	O
avait	O
promis	O
pour	O
le	O
soir	O
.	O
	
Elle	O
remit	O
à	O
madame	S-PER
Bron	O
un	O
billet	O
griffonné	O
:	O
«	O
Pas	O
possible	O
ce	O
soir	O
,	O
mon	O
chéri	O
,	O
je	O
suis	O
prise	O
.	O
	
»	O
Mais	O
elle	O
restait	O
inquiète	O
;	O
	
ce	O
jeune	O
homme	O
allait	O
peut-être	O
l’	O
attendre	O
quand	O
même	O
.	O
	
Comme	O
elle	O
n’	O
était	O
pas	O
du	O
troisième	O
acte	O
,	O
elle	O
voulait	O
partir	O
tout	O
de	O
suite	O
.	O
	
Alors	O
,	O
elle	O
pria	O
Clarisse	S-PER
d’	O
aller	O
voir	O
.	O
	
Celle-ci	O
entrait	O
seulement	O
en	O
scène	O
vers	O
la	O
fin	O
de	O
l’	O
acte	O
.	O
	
Elle	O
descendit	O
,	O
pendant	O
que	O
Simonne	S-PER
remontait	O
un	O
instant	O
à	O
la	O
loge	O
qu’	O
elles	O
occupaient	O
en	O
commun	O
.	O
	
—	O
Tout	O
à	O
l’	O
heure	O
,	O
répondit	O
tranquillement	O
Nana	S-PER
.	O
	
Le	O
comte	O
,	O
effrayé	O
de	O
sa	O
brutalité	O
d’	O
homme	O
timide	O
,	O
honteux	O
de	O
ce	O
qu’	O
il	O
avait	O
fait	O
,	O
la	O
salua	O
cérémonieusement	O
,	O
en	O
lui	O
promettant	O
de	O
se	O
rendre	O
à	O
son	O
invitation	O
.	O
	
Puis	O
,	O
il	O
s’	O
éloigna	O
,	O
marchant	O
dans	O
un	O
rêve	O
.	O
	
Et	O
,	O
se	O
tournant	O
vers	O
le	O
comte	O
:	O
	
Mignon	S-PER
était	O
devenu	O
grave	O
.	O
	
Ce	O
Steiner	S-PER
qui	O
avait	O
promis	O
un	O
hôtel	O
à	O
Rose	S-PER
,	O
autrefois	O
!	O
	
Enfin	O
,	O
il	O
fallait	O
ne	O
se	O
fâcher	O
avec	O
personne	O
,	O
c’	O
était	O
une	O
occasion	O
à	O
retrouver	O
.	O
	
Pris	O
de	O
rêverie	O
,	O
mais	O
supérieur	O
toujours	O
,	O
Mignon	S-PER
se	O
promenait	O
de	O
la	O
cheminée	O
à	O
la	O
console	O
.	O
	
Il	O
n’	O
y	O
avait	O
plus	O
que	O
lui	O
et	O
Fauchery	S-PER
dans	O
le	O
foyer	O
.	O
	
Le	O
journaliste	O
,	O
fatigué	O
,	O
venait	O
de	O
s’	O
allonger	O
au	O
fond	O
du	O
grand	O
fauteuil	O
;	O
	
et	O
il	O
restait	O
bien	O
tranquille	O
,	O
les	O
paupières	O
demi-closes	O
,	O
sous	O
les	O
regards	O
que	O
l’	O
autre	O
jetait	O
en	O
passant	O
.	O
	
Quand	O
ils	O
étaient	O
seuls	O
,	O
Mignon	S-PER
dédaignait	O
de	O
le	O
bourrer	O
de	O
tapes	O
;	O
à	O
quoi	O
bon	O
?	O
	
puisque	O
personne	O
n’	O
aurait	O
joui	O
de	O
la	O
scène	O
.	O
	
Il	O
se	O
désintéressait	O
trop	O
pour	O
s’amuser	O
lui-même	O
à	O
ses	O
farces	O
de	O
mari	O
goguenard	O
.	O
	
Fauchery	S-PER
,	O
heureux	O
de	O
ce	O
répit	O
de	O
quelques	O
minutes	O
,	O
allongeait	O
languissamment	O
les	O
pieds	O
devant	O
le	O
feu	O
,	O
les	O
yeux	O
en	O
l’	O
air	O
,	O
voyageant	O
du	O
baromètre	O
à	O
la	O
pendule	O
.	O
	
Dans	O
sa	O
marche	O
,	O
Mignon	S-PER
se	O
planta	O
en	O
face	O
du	O
buste	O
de	O
Potier	O
,	O
le	O
regarda	O
sans	O
le	O
voir	O
,	O
puis	O
retourna	O
devant	O
la	O
fenêtre	O
,	O
où	O
le	O
trou	O
sombre	O
de	O
la	O
cour	O
se	O
creusait	O
.	O
	
La	O
pluie	O
avait	O
cessé	O
,	O
un	O
silence	O
profond	O
s’	O
était	O
fait	O
,	O
alourdi	O
encore	O
par	O
la	O
grosse	O
chaleur	O
du	O
coke	O
et	O
le	O
flamboiement	O
des	O
becs	O
de	O
gaz	O
.	O
	
Plus	O
un	O
bruit	O
ne	O
montait	O
des	O
coulisses	O
.	O
	
L’	O
escalier	O
et	O
les	O
couloirs	O
semblaient	O
morts	O
.	O
	
C’	O
était	O
une	O
de	O
ces	O
paix	O
étouffées	O
de	O
fin	O
d’acte	O
,	O
lorsque	O
toute	O
la	O
troupe	O
enlève	O
sur	O
la	O
scène	O
le	O
vacarme	O
assourdissant	O
de	O
quelque	O
finale	O
,	O
tandis	O
que	O
le	O
foyer	O
vide	O
s’	O
endort	O
dans	O
un	O
bourdonnement	O
d’	O
asphyxie	O
.	O
	
Le	O
prince	O
,	O
les	O
yeux	O
à	O
demi	O
clos	O
,	O
suivit	O
en	O
connaisseur	O
les	O
lignes	O
renflées	O
de	O
sa	O
gorge	O
,	O
tandis	O
que	O
le	S-PER
marquis	O
de	O
Chouard	O
eut	O
un	O
hochement	O
de	O
tête	O
involontaire	O
.	O
	
Muffat	S-PER
,	O
pour	O
ne	O
plus	O
voir	O
,	O
regarda	O
le	O
tapis	O
.	O
	
D’	O
ailleurs	O
,	O
Vénus	S-PER
était	O
prête	O
,	O
elle	O
portait	O
simplement	O
cette	O
gaze	O
aux	O
épaules	O
.	O
	
Madame	S-PER
Jules	O
tournait	O
autour	O
d’	O
elle	O
,	O
de	O
son	O
air	O
de	O
petite	O
vieille	O
en	O
bois	O
,	O
aux	O
yeux	O
vides	O
et	O
clairs	O
;	O
	
et	O
,	O
vivement	O
,	O
elle	O
prenait	O
des	O
épingles	O
sur	O
la	O
pelote	O
inépuisable	O
de	O
son	O
cœur	O
,	O
elle	O
épinglait	O
la	O
tunique	O
de	O
Vénus	S-PER
,	O
frôlant	O
toutes	O
ces	O
grasses	O
nudités	O
de	O
ses	O
mains	O
séchées	O
,	O
sans	O
un	O
souvenir	O
et	O
comme	O
désintéressée	O
de	O
son	O
sexe	O
.	O
	
—	O
	
Est	O
-ce	O
qu’	O
il	O
est	O
arrivé	O
?	O
	
demanda	O
Prullière	S-PER
,	O
qui	O
entra	O
,	O
dans	O
son	O
costume	O
d’	O
Amiral	O
suisse	O
,	O
avec	O
son	O
grand	O
sabre	O
,	O
ses	O
bottes	O
énormes	O
,	O
son	O
plumet	O
immense	O
.	O
	
—	O
Ah	O
!	O
	
oui	O
,	O
je	O
sais	O
,	O
la	O
campagne	O
de	O
Nana	S-PER
.	O
	
—	O
	
Oui	O
,	O
j’	O
ai	O
été	O
surprise	O
,	O
jamais	O
je	O
n’oserai…	O
balbutiait	O
-elle	O
,	O
en	O
jouant	O
la	O
confusion	O
,	O
avec	O
des	O
tons	O
roses	O
sur	O
le	O
cou	O
et	O
des	O
sourires	O
embarrassés	O
.	O
	
Le	S-PER
comte	O
Muffat	O
n’	O
avait	O
pas	O
encore	O
ouvert	O
les	O
lèvres	O
.	O
	
Il	O
songeait	O
invinciblement	O
à	O
sa	O
jeunesse	O
.	O
	
Sa	O
chambre	O
d’	O
enfant	O
était	O
toute	O
froide	O
.	O
	
Plus	O
tard	O
,	O
à	O
seize	O
ans	O
,	O
lorsqu’	O
il	O
embrassait	O
sa	O
mère	O
,	O
chaque	O
soir	O
,	O
il	O
emportait	O
jusque	O
dans	O
son	O
sommeil	O
la	O
glace	O
de	O
ce	O
baiser	O
.	O
	
Un	O
jour	O
,	O
en	O
passant	O
,	O
il	O
avait	O
aperçu	O
,	O
par	O
une	O
porte	O
entrebâillée	O
,	O
une	O
servante	O
qui	O
se	O
débarbouillait	O
;	O
	
et	O
c’	O
était	O
l’	O
unique	O
souvenir	O
qui	O
l’	O
eût	O
troublé	O
,	O
de	O
la	O
puberté	O
à	O
son	O
mariage	O
.	O
	
Puis	O
,	O
il	O
avait	O
trouvé	O
chez	O
sa	O
femme	O
une	O
stricte	O
obéissance	O
aux	O
devoirs	O
conjugaux	O
;	O
	
lui-même	O
éprouvait	O
une	O
sorte	O
de	O
répugnance	O
dévote	O
.	O
	
Il	O
grandissait	O
,	O
il	O
vieillissait	O
,	O
ignorant	O
de	O
la	O
chair	O
,	O
plié	O
à	O
de	O
rigides	O
pratiques	O
religieuses	O
,	O
ayant	O
réglé	O
sa	O
vie	O
sur	O
des	O
préceptes	O
et	O
des	O
lois	O
.	O
	
Et	O
,	O
brusquement	O
,	O
on	O
le	O
jetait	O
dans	O
cette	O
loge	O
d’	O
actrice	O
,	O
devant	O
cette	O
fille	O
nue	O
.	O
	
Lui	O
qui	O
n’	O
avait	O
jamais	O
vu	O
la	S-PER
comtesse	O
Muffat	O
mettre	O
ses	O
jarretières	O
,	O
il	O
assistait	O
aux	O
détails	O
intimes	O
d’	O
une	O
toilette	O
de	O
femme	O
,	O
dans	O
la	O
débandade	O
des	O
pots	O
et	O
des	O
cuvettes	O
,	O
au	O
milieu	O
de	O
cette	O
odeur	O
si	O
forte	O
et	O
si	O
douce	O
.	O
	
Tout	O
son	O
être	O
se	O
révoltait	O
,	O
la	O
lente	O
possession	O
dont	O
Nana	S-PER
l’	O
envahissait	O
depuis	O
quelque	O
temps	O
l’	O
effrayait	O
,	O
en	O
lui	O
rappelant	O
ses	O
lectures	O
de	O
piété	O
,	O
les	O
possessions	O
diaboliques	O
qui	O
avaient	O
bercé	O
son	O
enfance	O
.	O
	
Il	O
croyait	O
au	O
diable	O
.	O
	
Nana	S-PER
,	O
confusément	O
,	O
était	O
le	O
diable	O
,	O
avec	O
ses	O
rires	O
,	O
avec	O
sa	O
gorge	O
et	O
sa	O
croupe	O
,	O
gonflées	O
de	O
vices	O
.	O
	
Mais	O
il	O
se	O
promettait	O
d’	O
être	O
fort	O
.	O
	
Il	O
saurait	O
se	O
défendre	O
.	O
	
Le	O
prince	O
retourna	O
sur	O
la	O
scène	O
,	O
où	O
Bordenave	S-PER
l’	O
attendait	O
.	O
	
Alors	O
,	O
seul	O
avec	O
Nana	S-PER
,	O
cédant	O
à	O
une	O
poussée	O
de	O
colère	O
et	O
de	O
désir	O
,	O
Muffat	S-PER
courut	O
derrière	O
elle	O
;	O
et	O
,	O
au	O
moment	O
où	O
elle	O
rentrait	O
dans	O
sa	O
loge	O
,	O
il	O
lui	O
planta	O
un	O
rude	O
baiser	O
sur	O
la	O
nuque	O
,	O
sur	O
les	O
petits	O
poils	O
blonds	O
qui	O
frisaient	O
très	O
bas	O
entre	O
ses	O
épaules	O
.	O
	
C’	O
était	O
comme	O
le	O
baiser	O
reçu	O
en	O
haut	O
,	O
qu’	O
il	O
rendait	O
là	O
.	O
	
Nana	S-PER
,	O
furieuse	O
,	O
levait	O
déjà	O
la	O
main	O
.	O
	
Quand	O
elle	O
reconnut	O
le	O
comte	O
,	O
elle	O
eut	O
un	O
sourire	O
.	O
	
Mais	O
Bordenave	S-PER
venait	O
d’	O
arriver	O
enfin	O
à	O
la	O
loge	O
de	O
Nana	S-PER
,	O
au	O
fond	O
du	O
couloir	O
.	O
	
Il	O
tourna	O
tranquillement	O
le	O
bouton	O
de	O
la	O
porte	O
;	O
	
puis	O
,	O
s’	O
effaçant	O
:	O
Mais	O
Nana	S-PER
réclamait	O
le	O
silence	O
du	O
geste	O
.	O
	
Elle	O
leva	O
son	O
verre	O
très	O
haut	O
,	O
elle	O
dit	O
:	O
	
Quelques	O
figurantes	O
s’	O
y	O
poussaient	O
encore	O
.	O
	
Le	O
prince	O
suivait	O
Nana	S-PER
.	O
	
Muffat	S-PER
et	O
le	O
marquis	O
venaient	O
derrière	O
.	O
	
C’	O
était	O
un	O
long	O
boyau	O
,	O
pris	O
entre	O
le	O
théâtre	O
et	O
la	O
maison	O
voisine	O
,	O
une	O
sorte	O
de	O
ruelle	O
étranglée	O
qu’	O
on	O
avait	O
couverte	O
d’	O
une	O
toiture	O
en	O
pente	O
,	O
où	O
s’	O
ouvraient	O
des	O
châssis	O
vitrés	O
.	O
	
Une	O
humidité	O
suintait	O
des	O
murailles	O
.	O
	
Les	O
pas	O
sonnaient	O
sur	O
le	O
sol	O
dallé	O
,	O
comme	O
dans	O
un	O
souterrain	O
.	O
	
Il	O
y	O
avait	O
là	O
un	O
encombrement	O
de	O
grenier	O
,	O
un	O
établi	O
sur	O
lequel	O
le	O
concierge	O
donnait	O
un	O
coup	O
de	O
rabot	O
aux	O
décors	O
,	O
un	O
empilement	O
de	O
barrières	O
de	O
bois	O
,	O
qu’	O
on	O
posait	O
le	O
soir	O
à	O
la	O
porte	O
,	O
pour	O
maintenir	O
la	O
queue	O
.	O
	
Nana	S-PER
dut	O
relever	O
sa	O
robe	O
en	O
passant	O
devant	O
une	O
borne-fontaine	O
,	O
dont	O
le	O
robinet	O
mal	O
fermé	O
inondait	O
les	O
dalles	O
.	O
	
Dans	O
le	O
vestibule	O
,	O
on	O
se	O
salua	O
.	O
	
Et	O
,	O
quand	O
Bordenave	S-PER
fut	O
seul	O
,	O
il	O
résuma	O
son	O
jugement	O
sur	O
le	O
prince	O
par	O
un	O
haussement	O
d’	O
épaules	O
,	O
plein	O
d’	O
une	O
dédaigneuse	O
philosophie	O
.	O
	
Déjà	O
le	S-PER
comte	O
Muffat	O
se	O
dirigeait	O
vers	O
le	O
couloir	O
des	O
loges	O
.	O
	
La	O
pente	O
assez	O
rapide	O
de	O
la	O
scène	O
l’	O
avait	O
surpris	O
,	O
et	O
son	O
inquiétude	O
venait	O
beaucoup	O
de	O
ce	O
plancher	O
qu’	O
il	O
sentait	O
mobile	O
sous	O
ses	O
pieds	O
;	O
par	O
les	O
costières	O
ouvertes	O
,	O
on	O
apercevait	O
les	O
gaz	O
brûlant	O
dans	O
les	O
dessous	O
;	O
	
c’	O
était	O
une	O
vie	O
souterraine	O
,	O
avec	O
des	O
profondeurs	O
d’	O
obscurité	O
,	O
des	O
voix	O
d’	O
hommes	O
,	O
des	O
souffles	O
de	O
cave	O
.	O
	
Mais	O
,	O
comme	O
il	O
remontait	O
,	O
un	O
incident	O
l’	O
arrêta	O
.	O
	
Deux	O
petites	O
femmes	O
,	O
en	O
costume	O
pour	O
le	O
troisième	O
acte	O
,	O
causaient	O
devant	O
l’	O
œil	O
du	O
rideau	O
.	O
	
L’	O
une	O
d’	O
elles	O
,	O
les	O
reins	O
tendus	O
,	O
élargissant	O
le	O
trou	O
avec	O
ses	O
doigts	O
,	O
pour	O
mieux	O
voir	O
,	O
cherchait	O
dans	O
la	O
salle	O
.	O
	
—	O
Mais	O
ne	O
regarde	O
donc	O
pas	O
!	O
	
lui	O
souffla	O
furieusement	O
Bordenave	O
dans	O
le	O
cou	O
.	O
	
Va	O
donc	O
!	O
	
va	O
donc	O
!	O
…	O
	
Ce	O
n’	O
est	O
pas	O
ton	O
affaire	O
!	O
	
Tu	O
manques	O
ton	O
entrée	O
!	O
	
