Ce	O
fut	O
un	O
accès	O
de	O
fou	O
rire	O
dans	O
la	O
voiture	O
.	O
	
Les	O
jeunes	O
gens	O
trouvaient	O
le	O
mot	O
très	O
drôle	O
;	O
	
tandis	O
que	O
Louiset	S-PER
,	O
sans	O
comprendre	O
,	O
levait	O
ses	O
yeux	O
pâles	O
vers	O
sa	O
mère	O
,	O
dont	O
les	O
éclats	O
de	O
voix	O
le	O
surprenaient	O
.	O
	
Labordette	S-PER
,	O
d’	O
ailleurs	O
,	O
ne	O
put	O
encore	O
s’	O
échapper	O
.	O
	
Rose	S-PER
Mignon	O
lui	O
avait	O
fait	O
un	O
signe	O
;	O
et	O
elle	O
lui	O
donnait	O
des	O
ordres	O
,	O
il	O
inscrivait	O
des	O
chiffres	O
sur	O
un	O
calepin	O
.	O
	
Puis	O
,	O
ce	O
furent	O
Clarisse	S-PER
et	O
Gaga	S-PER
qui	O
le	O
rappelèrent	O
,	O
pour	O
changer	O
leurs	O
paris	O
;	O
	
elles	O
avaient	O
entendu	O
des	O
mots	O
dans	O
la	O
foule	O
,	O
elles	O
ne	O
voulaient	O
plus	O
de	O
Valerio	S-MISC
II	O
et	O
prenaient	O
Lusignan	S-MISC
;	O
	
lui	O
,	O
impassible	O
,	O
écrivait	O
.	O
	
Enfin	O
,	O
il	O
se	O
sauva	O
,	O
on	O
le	O
vit	O
qui	O
disparaissait	O
,	O
de	O
l’	O
autre	O
côté	O
de	O
la	O
piste	O
,	O
entre	O
deux	O
tribunes	O
.	O
	
Mais	O
quelqu’un	O
la	O
touchait	O
par	O
derrière	O
,	O
et	O
elle	O
fut	O
surprise	O
,	O
en	O
se	O
retournant	O
,	O
d’	O
apercevoir	O
Mignon	S-PER
sur	O
la	O
banquette	O
.	O
	
Elle	O
disparut	O
un	O
instant	O
,	O
elle	O
s’	O
assit	O
à	O
son	O
côté	O
,	O
car	O
il	O
venait	O
lui	O
communiquer	O
une	O
chose	O
grave	O
.	O
	
Mignon	S-PER
disait	O
partout	O
que	O
sa	O
femme	O
était	O
ridicule	O
d’	O
en	O
vouloir	O
à	O
Nana	S-PER
;	O
	
il	O
trouvait	O
ça	O
bête	O
et	O
inutile	O
.	O
	
Nana	S-PER
,	O
passionnée	O
,	O
comme	O
si	O
le	O
Grand	O
Prix	O
allait	O
décider	O
de	O
sa	O
fortune	O
,	O
voulut	O
se	O
placer	O
contre	O
la	O
barrière	O
,	O
à	O
côté	O
du	O
poteau	O
d’	O
arrivée	O
.	O
	
Elle	O
était	O
venue	O
de	O
très	O
bonne	O
heure	O
,	O
une	O
des	O
premières	O
,	O
dans	O
son	O
landau	O
garni	O
d’	O
argent	O
,	O
attelé	O
à	O
la	O
Daumont	S-MISC
de	O
quatre	O
chevaux	O
blancs	O
magnifiques	O
,	O
un	O
cadeau	O
du	S-PER
comte	O
Muffat	O
.	O
	
Quand	O
elle	O
avait	O
paru	O
à	O
l’	O
entrée	O
de	O
la	O
pelouse	O
,	O
avec	O
deux	O
postillons	O
trottant	O
sur	O
les	O
chevaux	O
de	O
gauche	O
,	O
et	O
deux	O
valets	O
de	O
pied	O
,	O
immobiles	O
derrière	O
la	O
voiture	O
,	O
une	O
bousculade	O
s’	O
était	O
produite	O
parmi	O
la	O
foule	O
,	O
comme	O
au	O
passage	O
d’	O
une	O
reine	O
.	O
	
Elle	O
portait	O
les	O
couleurs	O
de	O
l’	S-LOC
écurie	O
Vandeuvres	S-PER
,	O
bleu	O
et	O
blanc	O
,	O
dans	O
une	O
toilette	O
extraordinaire	O
:	O
le	O
petit	O
corsage	O
et	O
la	O
tunique	O
de	O
soie	O
bleue	O
collant	O
sur	O
le	O
corps	O
,	O
relevés	O
derrière	O
les	O
reins	O
en	O
un	O
pouf	O
énorme	O
,	O
ce	O
qui	O
dessinait	O
les	O
cuisses	O
d’	O
une	O
façon	O
hardie	O
,	O
par	O
ces	O
temps	O
de	O
jupes	O
ballonnées	O
;	O
	
puis	O
,	O
la	O
robe	O
de	O
satin	O
blanc	O
,	O
les	O
manches	O
de	O
satin	O
blanc	O
,	O
une	O
écharpe	O
de	O
satin	O
blanc	O
en	O
sautoir	O
,	O
le	O
tout	O
orné	O
d’	O
une	O
guipure	O
d’	O
argent	O
que	O
le	O
soleil	O
allumait	O
.	O
	
Avec	O
ça	O
,	O
crânement	O
,	O
pour	O
ressembler	O
davantage	O
à	O
un	O
jockey	O
,	O
elle	O
s’	O
était	O
posé	O
une	O
toque	O
bleue	O
à	O
plume	O
blanche	O
sur	O
son	O
chignon	O
,	O
dont	O
les	O
mèches	O
jaunes	O
lui	O
coulaient	O
au	O
milieu	O
du	O
dos	O
,	O
pareilles	O
à	O
une	O
énorme	O
queue	O
de	O
poils	O
roux	O
.	O
	
À	O
présent	O
,	O
le	O
peloton	O
arrivait	O
de	O
face	O
,	O
dans	O
un	O
coup	O
de	O
foudre	O
.	O
	
On	O
en	O
sentait	O
l’	O
approche	O
et	O
comme	O
l’	O
haleine	O
,	O
un	O
ronflement	O
lointain	O
,	O
grandi	O
de	O
seconde	O
en	O
seconde	O
.	O
	
Toute	O
la	O
foule	O
,	O
impétueusement	O
,	O
s’	O
était	O
jetée	O
aux	O
barrières	O
;	O
et	O
,	O
précédant	O
les	O
chevaux	O
,	O
une	O
clameur	O
profonde	O
s’	O
échappait	O
des	O
poitrines	O
,	O
gagnait	O
de	O
proche	O
en	O
proche	O
,	O
avec	O
un	O
bruit	O
de	O
mer	O
qui	O
déferle	O
.	O
	
C’	O
était	O
la	O
brutalité	O
dernière	O
d’	O
une	O
colossale	O
partie	O
,	O
cent	O
mille	O
spectateurs	O
tournés	O
à	O
l’	O
idée	O
fixe	O
,	O
brûlant	O
du	O
même	O
besoin	O
de	O
hasard	O
,	O
derrière	O
ces	O
bêtes	O
dont	O
le	O
galop	O
emportait	O
des	O
millions	O
.	O
	
On	O
se	O
poussait	O
,	O
on	O
s’	O
écrasait	O
,	O
les	O
poings	O
fermés	O
,	O
la	O
bouche	O
ouverte	O
,	O
chacun	O
pour	O
soi	O
,	O
chacun	O
fouettant	O
son	O
cheval	O
de	O
la	O
voix	O
et	O
du	O
geste	O
.	O
	
Et	O
le	O
cri	O
de	O
tout	O
ce	O
peuple	O
,	O
un	O
cri	O
de	O
fauve	O
reparu	O
sous	O
les	O
redingotes	O
,	O
roulait	O
de	O
plus	O
en	O
plus	O
distinct	O
:	O
	
—	O
	
Quinze	O
cents	O
louis	O
,	O
un	O
peu	O
partout	O
.	O
	
—	O
Bravo	O
!	O
	
je	O
mets	O
deux	O
louis	O
,	O
dit	O
Georges	S-PER
.	O
	
On	O
allait	O
fermer	O
la	O
piste	O
.	O
	
Labordette	S-PER
pressait	O
Nana	S-PER
,	O
mais	O
il	O
revint	O
sur	O
ses	O
pas	O
pour	O
lui	O
montrer	O
un	O
petit	O
homme	O
,	O
causant	O
avec	O
Vandeuvres	S-PER
,	O
à	O
l’	O
écart	O
.	O
	
Gaga	S-PER
et	O
Clarisse	S-PER
avaient	O
appelé	O
la	S-PER
Faloise	O
,	O
se	O
jetant	O
à	O
sa	O
tête	O
,	O
tâchant	O
de	O
le	O
reprendre	O
.	O
	
Il	O
les	O
quitta	O
tout	O
de	O
suite	O
,	O
avec	O
un	O
déhanchement	O
de	O
blague	O
et	O
de	O
dédain	O
.	O
	
Nana	S-PER
l’	O
éblouit	O
,	O
il	O
accourut	O
,	O
se	O
tint	O
sur	O
le	O
marche-pied	O
de	O
la	O
voiture	O
;	O
et	O
,	O
comme	O
elle	O
le	O
plaisantait	O
au	O
sujet	O
de	O
Gaga	S-PER
,	O
il	O
murmura	O
:	O
Et	O
,	O
se	O
penchant	O
vers	O
Louiset	S-PER
:	O
	
—	O
Hein	O
?	O
	
l’	S-MISC
Anglais	O
a	O
du	O
mal	O
,	O
dit	O
joyeusement	O
Philippe	S-PER
.	O
	
Il	O
ne	O
va	O
pas	O
bien	O
.	O
	
Ce	O
dimanche	O
-là	O
,	O
par	O
un	O
ciel	O
orageux	O
des	O
premières	O
chaleurs	O
de	O
juin	O
,	O
on	O
courait	O
le	O
Grand	O
Prix	O
de	O
Paris	B-LOC
au	E-LOC
bois	O
de	O
Boulogne	O
.	O
	
Le	O
matin	O
,	O
le	O
soleil	O
s’	O
était	O
levé	O
dans	O
une	O
poussière	O
rousse	O
.	O
	
Mais	O
,	O
vers	O
onze	O
heures	O
,	O
au	O
moment	O
où	O
les	O
voitures	O
arrivaient	O
à	O
l’	S-LOC
hippodrome	O
de	O
Longchamp	O
,	O
un	O
vent	O
du	O
sud	O
avait	O
balayé	O
les	O
nuages	O
;	O
des	O
vapeurs	O
grises	O
s’	O
en	O
allaient	O
en	O
longues	O
déchirures	O
,	O
des	O
trouées	O
d’	O
un	O
bleu	O
intense	O
s’	O
élargissaient	O
d’	O
un	O
bout	O
à	O
l’	O
autre	O
de	O
l’	O
horizon	O
.	O
	
Et	O
,	O
dans	O
les	O
coups	O
de	O
soleil	O
qui	O
tombaient	O
entre	O
deux	O
nuées	O
,	O
tout	O
flambait	O
brusquement	O
,	O
la	O
pelouse	O
peu	O
à	O
peu	O
emplie	O
d’	O
une	O
cohue	O
d’	O
équipages	O
,	O
de	O
cavaliers	O
et	O
de	O
piétons	O
,	O
la	O
piste	O
encore	O
vide	O
,	O
avec	O
la	O
guérite	O
du	O
juge	O
,	O
le	O
poteau	O
d’	O
arrivée	O
,	O
les	O
mâts	O
des	O
tableaux	O
indicateurs	O
,	O
puis	O
en	O
face	O
,	O
au	O
milieu	O
de	O
l’	O
enceinte	O
du	O
pesage	O
,	O
les	O
cinq	O
tribunes	O
symétriques	O
,	O
étageant	O
leurs	O
galeries	O
de	O
briques	O
et	O
de	O
charpentes	O
.	O
	
Au	O
delà	O
,	O
la	O
vaste	O
plaine	O
s’	O
aplatissait	O
,	O
se	O
noyait	O
dans	O
la	O
lumière	O
de	O
midi	O
,	O
bordée	O
de	O
petits	O
arbres	O
,	O
fermée	O
à	O
l’	O
ouest	O
par	O
les	O
coteaux	O
boisés	O
de	O
Saint-Cloud	S-LOC
et	O
de	O
Suresnes	S-LOC
,	O
que	O
dominait	O
le	O
profil	O
sévère	O
du	O
mont	S-LOC
Valérien	O
.	O
	
Nana	S-PER
,	O
que	O
Philippe	S-PER
et	O
Georges	S-PER
mettaient	O
tout	O
bas	O
au	O
courant	O
,	O
lâchait	O
des	O
réflexions	O
,	O
sans	O
cesser	O
de	O
rire	O
et	O
de	O
boire	O
.	O
	
C’	O
était	O
possible	O
,	O
après	O
tout	O
;	O
	
elle	O
se	O
rappelait	O
des	O
choses	O
;	O
	
puis	O
,	O
ce	O
Maréchal	S-PER
avait	O
une	O
sale	O
tête	O
.	O
	
Pourtant	O
,	O
elle	O
doutait	O
encore	O
,	O
lorsque	O
Labordette	S-PER
parut	O
.	O
	
Il	O
était	O
très	O
pâle	O
.	O
	
—	O
Mais	O
,	O
ma	O
chère	O
,	O
infect	O
,	O
Boum	O
!	O
	
Prenez	O
pas	O
ça	O
!	O
	
Gasc	S-PER
lui-même	O
lâche	O
son	O
cheval	O
…	O
	
Et	O
votre	O
Lusignan	S-MISC
,	O
jamais	O
!	O
	
Des	O
blagues	O
!	O
	
Par	O
Lamb	S-MISC
et	O
Princess	O
,	O
songez	O
donc	O
!	O
	
Jamais	O
,	O
par	O
Lamb	O
et	O
Princess	S-MISC
!	O
	
tous	O
trop	O
courts	O
de	O
jambes	O
!	O
	
—	O
Tous	O
les	O
chevaux	O
que	O
tu	O
voudras	O
!	O
	
cria	O
-t	O
-elle	O
gaiement	O
,	O
en	O
le	O
laissant	O
aller	O
;	O
	
mais	O
pas	O
de	O
Nana	S-MISC
,	O
c’	O
est	O
une	O
rosse	O
!	O
	
—	O
Ah	O
!	O
	
nom	O
de	O
Dieu	S-PER
!	O
	
c’	O
est	O
moi	O
,	O
pourtant	O
…	O
Ah	O
!	O
	
nom	O
de	O
Dieu	S-PER
!	O
	
quelle	O
veine	O
!	O
	
Le	O
soir	O
,	O
à	O
Mabille	S-LOC
,	O
Nana	S-PER
obtint	O
un	O
succès	O
colossal	O
.	O
	
Lorsqu’	O
elle	O
parut	O
,	O
vers	O
dix	O
heures	O
,	O
le	O
tapage	O
était	O
déjà	O
formidable	O
.	O
	
Cette	O
classique	O
soirée	O
de	O
folie	O
réunissait	O
toute	O
la	O
jeunesse	O
galante	O
,	O
un	O
beau	O
monde	O
se	O
ruant	O
dans	O
une	O
brutalité	O
et	O
une	O
imbécillité	O
de	O
laquais	O
.	O
	
On	O
s’	O
écrasait	O
sous	O
les	O
guirlandes	O
de	O
gaz	O
;	O
	
des	O
habits	O
noirs	O
,	O
des	O
toilettes	O
excessives	O
,	O
des	O
femmes	O
venues	O
décolletées	O
,	O
avec	O
de	O
vieilles	O
robes	O
bonnes	O
à	O
salir	O
,	O
tournaient	O
,	O
hurlaient	O
,	O
fouettés	O
par	O
une	O
soûlerie	O
énorme	O
.	O
	
À	O
trente	O
pas	O
,	O
on	O
n’	O
entendait	O
plus	O
les	O
cuivres	O
de	O
l’	O
orchestre	O
.	O
	
Personne	O
ne	O
dansait	O
.	O
	
Des	O
mots	O
bêtes	O
,	O
répétés	O
on	O
ne	O
savait	O
pourquoi	O
,	O
circulaient	O
parmi	O
les	O
groupes	O
.	O
	
On	O
se	O
battait	O
les	O
flancs	O
sans	O
réussir	O
à	O
être	O
drôle	O
.	O
	
Sept	O
femmes	O
,	O
enfermées	O
dans	O
le	O
vestiaire	O
,	O
pleuraient	O
pour	O
qu’	O
on	O
les	O
délivrât	O
.	O
	
Une	O
échalote	O
trouvée	O
et	O
mise	O
aux	O
enchères	O
était	O
poussée	O
jusqu’	O
à	O
deux	O
louis	O
.	O
	
Justement	O
,	O
Nana	S-PER
arrivait	O
,	O
encore	O
vêtue	O
de	O
sa	O
toilette	O
de	O
course	O
,	O
bleue	O
et	O
blanche	O
.	O
	
On	O
lui	O
donna	O
l’	O
échalote	O
,	O
au	O
milieu	O
d’	O
un	O
tonnerre	O
de	O
bravos	O
.	O
	
On	O
l’	O
empoigna	O
malgré	O
elle	O
,	O
trois	O
messieurs	O
la	O
portèrent	O
en	O
triomphe	O
dans	O
le	O
jardin	O
,	O
à	O
travers	O
les	O
pelouses	O
saccagées	O
,	O
les	O
massifs	O
de	O
verdure	O
éventrés	O
;	O
et	O
,	O
comme	O
l’	O
orchestre	O
faisait	O
obstacle	O
,	O
on	O
le	O
prit	O
d’	O
assaut	O
,	O
on	O
cassa	O
les	O
chaises	O
et	O
les	O
pupitres	O
.	O
	
Une	O
police	O
paternelle	O
organisait	O
le	O
désordre	O
.	O
	
Alors	O
,	O
Nana	S-PER
,	O
debout	O
sur	O
le	O
siège	O
de	O
son	O
landau	O
,	O
grandie	O
,	O
crut	O
que	O
c’	O
était	O
elle	O
qu’	O
on	O
acclamait	O
.	O
	
Elle	O
était	O
restée	O
un	O
instant	O
immobile	O
,	O
dans	O
la	O
stupeur	O
de	O
son	O
triomphe	O
,	O
regardant	O
la	O
piste	O
envahie	O
par	O
un	O
flot	O
si	O
épais	O
,	O
qu’	O
on	O
ne	O
voyait	O
plus	O
l’	O
herbe	O
,	O
couverte	O
d’	O
une	O
mer	O
de	O
chapeaux	O
noirs	O
.	O
	
Puis	O
,	O
quand	O
tout	O
ce	O
monde	O
se	O
fut	O
rangé	O
,	O
ménageant	O
une	O
haie	O
jusqu’	O
à	O
la	O
sortie	O
,	O
saluant	O
de	O
nouveau	O
Nana	S-MISC
,	O
qui	O
s’	O
en	O
allait	O
avec	O
Price	S-MISC
,	O
cassé	O
sur	O
l’	O
encolure	O
,	O
éteint	O
et	O
comme	O
vide	O
,	O
elle	O
se	O
tapa	O
les	O
cuisses	O
violemment	O
,	O
oubliant	O
tout	O
,	O
triomphant	O
en	O
phrases	O
crues	O
:	O
	
C’	O
était	O
Bordenave	S-PER
,	O
en	O
effet	O
,	O
se	O
promenant	O
les	O
mains	O
derrière	O
le	O
dos	O
,	O
avec	O
un	O
chapeau	O
que	O
le	O
soleil	O
rougissait	O
,	O
et	O
une	O
redingote	O
graisseuse	O
,	O
blanchie	O
aux	O
coutures	O
;	O
	
un	S-PER
Bordenave	O
décati	O
par	O
la	O
faillite	O
,	O
mais	O
quand	O
même	O
furieux	O
,	O
étalant	O
sa	O
misère	O
parmi	O
le	O
beau	O
monde	O
,	O
avec	O
la	O
carrure	O
d’	O
un	O
homme	O
toujours	O
prêt	O
à	O
violer	O
la	O
fortune	O
.	O
	
—	O
Écoute	O
donc	O
,	O
c’	O
est	O
une	O
lettre	O
qu’	O
elle	O
a	O
dû	O
trouver	O
dans	O
la	O
poche	O
de	O
Fauchery	S-PER
,	O
une	O
lettre	O
écrite	O
à	O
cette	O
rosse	O
de	O
Fauchery	S-PER
par	O
la	S-PER
comtesse	O
Muffat	O
.	O
	
Et	O
,	O
dame	O
!	O
	
là-dedans	O
,	O
c’	O
est	O
clair	O
,	O
ça	O
y	O
est	O
en	O
plein	O
…	O
	
Alors	O
,	O
Rose	S-PER
veut	O
envoyer	O
la	O
lettre	O
au	O
comte	O
,	O
pour	O
se	O
venger	O
de	O
lui	O
et	O
de	O
toi	O
.	O
	
Alors	O
,	O
Vandeuvres	S-PER
le	O
fit	O
taire	O
.	O
	
Mais	O
,	O
comme	O
il	O
s’	O
éloignait	O
,	O
Maréchal	S-PER
,	O
pris	O
d’	O
un	O
souvenir	O
,	O
regretta	O
de	O
ne	O
pas	O
l’	O
avoir	O
questionné	O
sur	O
la	O
hausse	O
de	O
sa	O
pouliche	O
.	O
	
Il	O
était	O
propre	O
,	O
si	O
la	O
pouliche	O
avait	O
des	O
chances	O
,	O
lui	O
qui	O
venait	O
de	O
la	O
donner	O
pour	O
deux	O
cents	O
louis	O
à	O
cinquante	O
.	O
	
La	S-PER
Faloise	O
,	O
cependant	O
,	O
menait	O
un	O
bruit	O
insupportable	O
.	O
	
Il	O
se	O
toquait	O
de	O
Frangipane	S-MISC
.	O
	
Nana	S-PER
fut	O
scandalisée	O
.	O
	
Alors	O
,	O
on	O
discuta	O
les	O
mérites	O
des	O
chevaux	O
.	O
	
La	S-PER
Faloise	O
,	O
pour	O
affecter	O
d’	O
être	O
très	O
au	O
courant	O
,	O
les	O
traitait	O
tous	O
de	O
rosses	O
.	O
	
Frangipane	S-MISC
,	O
au	S-PER
baron	O
Verdier	O
,	O
était	O
par	O
The	S-PER
Truth	O
et	O
Lenore	S-PER
;	O
	
un	O
grand	O
bai	O
,	O
qui	O
aurait	O
eu	O
des	O
chances	O
,	O
si	O
on	O
ne	O
l’	O
avait	O
pas	O
fourbu	O
à	O
l’	O
entraînement	O
.	O
	
Quant	O
à	O
Valerio	S-MISC
II	O
,	O
de	O
l’	S-LOC
écurie	O
Corbreuse	S-PER
,	O
il	O
n’	O
était	O
pas	O
prêt	O
,	O
il	O
avait	O
eu	O
des	O
tranchées	O
en	O
avril	O
;	O
	
oh	O
!	O
	
on	O
cachait	O
ça	O
,	O
mais	O
lui	O
en	O
était	O
sûr	O
,	O
parole	O
d’	O
honneur	O
!	O
	
Et	O
il	O
finit	O
par	O
conseiller	O
Hasard	S-MISC
,	O
un	O
cheval	O
de	O
l’	S-LOC
écurie	O
Méchain	S-PER
,	O
le	O
plus	O
défectueux	O
de	O
tous	O
,	O
dont	O
personne	O
ne	O
voulait	O
.	O
	
Fichtre	O
!	O
	
Hasard	S-MISC
,	O
une	O
forme	O
superbe	O
,	O
et	O
une	O
action	O
!	O
	
Voilà	O
une	O
bête	O
qui	O
allait	O
surprendre	O
son	O
monde	O
!	O
	
Puis	O
,	O
après	O
avoir	O
vidé	O
un	O
verre	O
de	O
champagne	O
,	O
il	O
eut	O
ce	O
mot	O
de	O
profond	O
regret	O
:	O
	
—	O
	
En	O
tout	O
cas	O
,	O
Lusignan	S-MISC
est	O
fini	O
,	O
cria	O
la	S-PER
Faloise	O
.	O
	
C’	O
est	O
Valerio	S-MISC
II	O
qui	O
vient…	O
Tenez	O
!	O
	
voilà	O
les	O
quatre	O
en	O
peloton	O
.	O
	
—	O
C’	O
est	O
Price	S-MISC
,	O
répondit	O
-elle	O
.	O
	
Les	O
chevaux	O
étaient	O
remontés	O
à	O
droite	O
,	O
et	O
ils	O
partirent	O
pour	O
le	O
galop	O
d’	O
essai	O
,	O
passant	O
débandés	O
devant	O
les	O
tribunes	O
.	O
	
Alors	O
,	O
il	O
y	O
eut	O
une	O
reprise	O
passionnée	O
,	O
tous	O
parlaient	O
à	O
la	O
fois	O
.	O
	
—	O
	
J’	O
ai	O
une	O
inspiration	O
…	O
	
Je	O
mets	O
un	O
louis	O
sur	O
Nana	S-MISC
.	O
	
—	O
	
Pourquoi	O
dire	O
qu’	O
il	O
lâche	O
son	O
cheval	O
?	O
	
criait	O
le	O
jeune	O
homme	O
.	O
	
Hier	O
,	O
au	O
salon	O
des	O
courses	O
,	O
il	O
a	O
pris	O
Lusignan	S-MISC
pour	O
mille	O
louis	O
.	O
	
—	O
Ah	O
!	O
	
non	O
,	O
qu’	O
est	O
-ce	O
que	O
je	O
dis	O
?	O
…	O
	
Vrai	O
,	O
je	O
ne	O
sais	O
plus	O
ce	O
que	O
je	O
dis	O
!	O
…	O
	
Je	O
suis	O
grise	O
.	O
	
—	O
Comment	O
?	O
à	O
quarante	O
!	O
	
cria	O
-t	O
-elle	O
,	O
stupéfaite	O
.	O
	
J’	O
étais	O
à	O
cinquante	O
…	O
	
Que	O
se	O
passe	O
-t	O
-il	O
?	O
	
Elle	O
parlait	O
de	O
Muffat	S-PER
,	O
seulement	O
elle	O
n’	O
avouait	O
pas	O
aux	O
jeunes	O
gens	O
la	O
vraie	O
cause	O
de	O
cette	O
première	O
querelle	O
.	O
	
Un	O
soir	O
,	O
il	O
avait	O
trouvé	O
dans	O
sa	O
chambre	O
un	O
chapeau	O
d’	O
homme	O
,	O
une	O
toquade	O
bête	O
,	O
un	O
passant	O
ramené	O
par	O
ennui	O
.	O
	
Ce	O
ton	O
n’	O
était	O
ni	O
dans	O
son	O
tempérament	O
ni	O
dans	O
ses	O
habitudes	O
.	O
	
Elle	O
fut	O
plus	O
étonnée	O
que	O
blessée	O
.	O
	
Lui	O
,	O
d’	O
ailleurs	O
,	O
restait	O
honteux	O
;	O
et	O
,	O
comme	O
elle	O
le	O
priait	O
sèchement	O
d’	O
être	O
poli	O
,	O
il	O
s’	O
excusa	O
.	O
	
Depuis	O
quelque	O
temps	O
,	O
il	O
avait	O
ainsi	O
de	O
brusques	O
changements	O
d’	O
humeur	O
.	O
	
Personne	O
n’ignorait	O
,	O
dans	O
le	S-LOC
Paris	O
galant	O
et	O
mondain	O
,	O
qu’	O
il	O
jouait	O
ce	O
jour	O
-là	O
son	O
dernier	O
coup	O
de	O
cartes	O
.	O
	
Si	O
ses	O
chevaux	O
ne	O
gagnaient	O
pas	O
,	O
s’	O
ils	O
lui	O
emportaient	O
encore	O
les	O
sommes	O
considérables	O
pariées	O
sur	O
eux	O
,	O
c’	O
était	O
un	O
désastre	O
,	O
un	O
écroulement	O
,	O
l’	O
échafaudage	O
de	O
son	O
crédit	O
,	O
les	O
hautes	O
apparences	O
que	O
gardait	O
son	O
existence	O
minée	O
par-dessous	O
,	O
comme	O
vidée	O
par	O
le	O
désordre	O
et	O
la	O
dette	O
,	O
s’	O
abîmaient	O
dans	O
une	O
ruine	O
retentissante	O
.	O
	
Et	O
Nana	S-PER
,	O
personne	O
non	O
plus	O
ne	O
l’	O
ignorait	O
,	O
était	O
la	O
mangeuse	O
d’	O
hommes	O
qui	O
avait	O
achevé	O
celui-là	O
,	O
venue	O
la	O
dernière	O
dans	O
cette	O
fortune	O
ébranlée	O
,	O
nettoyant	O
la	O
place	O
.	O
	
On	O
racontait	O
des	O
caprices	O
fous	O
,	O
de	O
l’	O
or	O
semé	O
au	O
vent	O
,	O
une	O
partie	O
à	O
Bade	S-LOC
où	O
elle	O
ne	O
lui	O
avait	O
pas	O
laissé	O
de	O
quoi	O
payer	O
l’	O
hôtel	O
,	O
une	O
poignée	O
de	O
diamants	O
jetée	O
sur	O
un	O
brasier	O
,	O
un	O
soir	O
d’ivresse	O
,	O
pour	O
voir	O
si	O
ça	O
brûlait	O
comme	O
du	O
charbon	O
.	O
	
Peu	O
à	O
peu	O
,	O
avec	O
ses	O
gros	O
membres	O
,	O
ses	O
rires	O
canailles	O
de	O
faubourienne	O
,	O
elle	O
s’	O
était	O
imposée	O
à	O
ce	O
fils	O
,	O
si	O
appauvri	O
et	O
si	O
fin	O
,	O
d’	O
une	O
antique	O
race	O
.	O
	
À	O
cette	O
heure	O
,	O
il	O
risquait	O
tout	O
,	O
si	O
envahi	O
par	O
son	O
goût	O
du	O
bête	O
et	O
du	O
sale	O
,	O
qu’	O
il	O
avait	O
perdu	O
jusqu’	O
à	O
la	O
force	O
de	O
son	O
scepticisme	O
.	O
	
Huit	O
jours	O
auparavant	O
,	O
elle	O
s’	O
était	O
fait	O
promettre	O
un	O
château	O
sur	O
la	O
côte	O
normande	O
,	O
entre	O
le	S-LOC
Havre	O
et	O
Trouville	S-LOC
;	O
et	O
il	O
mettait	O
son	O
dernier	O
honneur	O
à	O
tenir	O
parole	O
.	O
	
Seulement	O
,	O
elle	O
l’	O
agaçait	O
,	O
il	O
l’	O
aurait	O
battue	O
,	O
tant	O
il	O
la	O
sentait	O
stupide	O
.	O
	
—	O
	
Oh	O
!	O
	
le	O
malheureux	O
!	O
	
c’	O
était	O
si	O
beau	O
!	O
	
Autour	O
d’	O
elle	O
,	O
dans	O
les	O
voitures	O
de	O
ces	O
dames	O
,	O
on	O
chuchotait	O
que	O
le	O
comte	O
l’	O
avait	O
lâchée	O
.	O
	
C’	O
était	O
toute	O
une	O
histoire	O
.	O
	
Les	S-LOC
Tuileries	O
se	O
scandalisaient	O
de	O
la	O
conduite	O
du	O
chambellan	O
,	O
depuis	O
qu’	O
il	O
s’	O
affichait	O
.	O
	
Alors	O
,	O
pour	O
garder	O
sa	O
situation	O
,	O
il	O
venait	O
de	O
rompre	O
.	O
	
La	S-PER
Faloise	O
,	O
carrément	O
,	O
rapporta	O
cette	O
histoire	O
à	O
la	O
jeune	O
femme	O
,	O
s’	O
offrant	O
de	O
nouveau	O
,	O
en	O
l’	O
appelant	O
«	O
sa	O
Juliette	O
.	O
	
»	O
Mais	O
elle	O
eut	O
un	O
beau	O
rire	O
,	O
elle	O
dit	O
:	O
	
—	O
	
Une	O
arme	O
,	O
dit	O
Nana	S-PER
,	O
qu’	O
est	O
-ce	O
que	O
ça	O
me	O
fiche	O
!	O
	
—	O
	
Quel	O
train	O
,	O
mes	O
enfants	O
!	O
…	O
	
Un	O
rude	O
train	O
,	O
sacristi	O
!	O
	
—	O
Superbe	O
!	O
…	O
	
Non	O
,	O
c’	O
est	O
le	O
hasard	O
!	O
…	O
	
N’	O
importe	O
,	O
ça	O
y	O
est	O
!	O
	
Il	O
avait	O
mis	O
la	O
main	O
sur	O
son	O
cœur	O
.	O
	
Nana	S-PER
riait	O
beaucoup	O
de	O
cette	O
déclaration	O
si	O
brusque	O
,	O
en	O
plein	O
air	O
.	O
	
Mais	O
elle	O
reprit	O
:	O
	
C’	O
était	O
un	O
sentiment	O
d’	O
angoisse	O
qui	O
commençait	O
à	O
étrangler	O
tout	O
ce	O
monde	O
entassé	O
.	O
	
Encore	O
une	O
défaite	O
!	O
et	O
une	O
ardeur	O
de	O
vœu	O
extraordinaire	O
,	O
presque	O
religieuse	O
,	O
montait	O
pour	O
Lusignan	S-MISC
;	O
	
pendant	O
qu’	O
on	O
injuriait	O
Spirit	S-MISC
,	O
avec	O
son	O
jockey	O
d’	O
une	O
gaieté	O
de	O
croquemort	O
.	O
	
Parmi	O
la	O
foule	O
éparse	O
dans	O
l’	O
herbe	O
,	O
un	O
souffle	O
enlevait	O
des	O
bandes	O
,	O
les	O
semelles	O
en	O
l’	O
air	O
.	O
	
Des	O
cavaliers	O
coupaient	O
la	O
pelouse	O
d’	O
un	O
galop	O
furieux	O
.	O
	
Et	O
Nana	S-PER
,	O
qui	O
tournait	O
lentement	O
sur	O
elle-même	O
,	O
voyait	O
à	O
ses	O
pieds	O
cette	O
houle	O
de	O
bêtes	O
et	O
de	O
gens	O
,	O
cette	O
mer	O
de	O
têtes	O
battue	O
et	O
comme	O
emportée	O
autour	O
de	O
la	O
piste	O
par	O
le	O
tourbillon	O
de	O
la	O
course	O
,	O
rayant	O
l’	O
horizon	O
du	O
vif	O
éclair	O
des	O
jockeys	O
.	O
	
Elle	O
les	O
avait	O
suivis	O
de	O
dos	O
,	O
dans	O
la	O
fuite	O
des	O
croupes	O
,	O
dans	O
la	O
vitesse	O
allongée	O
des	O
jambes	O
,	O
qui	O
se	O
perdaient	O
et	O
prenaient	O
des	O
finesses	O
de	O
cheveux	O
.	O
	
Maintenant	O
,	O
au	O
fond	O
,	O
ils	O
filaient	O
de	O
profil	O
,	O
tout	O
petits	O
,	O
délicats	O
,	O
sur	O
les	O
lointains	O
verdâtres	O
du	S-LOC
Bois	O
.	O
	
Puis	O
,	O
brusquement	O
,	O
ils	O
disparurent	O
,	O
derrière	O
un	O
grand	O
bouquet	O
d’	O
arbres	O
,	O
plantés	O
au	O
milieu	O
de	O
l’	O
hippodrome	O
.	O
	
Elle	O
voulait	O
parler	O
de	O
Nana	S-MISC
,	O
la	O
pouliche	O
,	O
cette	S-MISC
Nana	O
qui	O
s’	O
était	O
laissé	O
battre	O
honteusement	O
dans	O
le	O
prix	O
de	O
Diane	S-PER
,	O
et	O
qui	O
même	O
,	O
en	O
avril	O
et	O
en	O
mai	O
derniers	O
,	O
n’	O
avait	O
pas	O
été	O
placée	O
,	O
en	O
courant	O
le	O
prix	O
Des	S-PER
Cars	O
et	O
la	S-MISC
Grande	O
Poule	O
des	O
Produits	O
,	O
gagnés	O
par	O
Lusignan	S-MISC
,	O
l’	O
autre	O
cheval	O
de	O
l’	S-LOC
écurie	O
Vandeuvres	S-PER
.	O
	
Du	O
coup	O
,	O
Lusignan	S-MISC
était	O
passé	O
grand	O
favori	O
;	O
depuis	O
la	O
veille	O
,	O
on	O
le	O
prenait	O
couramment	O
à	O
deux	O
contre	O
un	O
.	O
	
Alors	O
,	O
Daguenet	S-PER
raconta	O
le	O
dernier	O
coup	O
du	O
vieux	O
,	O
une	O
histoire	O
de	O
l’	O
avant-veille	O
que	O
personne	O
ne	O
savait	O
encore	O
.	O
	
Après	O
avoir	O
tourné	O
des	O
mois	O
,	O
il	O
venait	O
d’	O
acheter	O
à	O
Gaga	S-PER
sa	O
fille	O
Amélie	S-PER
,	O
trente	O
mille	O
francs	O
,	O
disait	O
-on	O
.	O
	
Mais	O
une	O
gaieté	O
,	O
tout	O
d’	O
un	O
coup	O
,	O
chauffa	O
les	O
cent	O
mille	O
âmes	O
qui	O
couvraient	O
ce	O
bout	O
de	O
champ	O
d’	O
un	O
remuement	O
d’	O
insectes	O
,	O
affolés	O
sous	O
le	O
vaste	O
ciel	O
.	O
	
Le	O
soleil	O
,	O
caché	O
depuis	O
un	O
quart	O
d’	O
heure	O
,	O
reparut	O
,	O
s’	O
épandit	O
en	O
un	O
lac	O
de	O
lumière	O
.	O
	
Et	O
tout	O
flamba	O
de	O
nouveau	O
,	O
les	O
ombrelles	O
des	O
femmes	O
étaient	O
comme	O
des	O
boucliers	O
d’	O
or	O
,	O
innombrables	O
,	O
au-dessus	O
de	O
la	O
foule	O
.	O
	
On	O
applaudit	O
le	O
soleil	O
,	O
des	O
rires	O
le	O
saluaient	O
,	O
des	O
bras	O
se	O
tendaient	O
pour	O
écarter	O
les	O
nuages	O
.	O
	
—	O
Oh	O
!	O
qu’	O
il	O
a	O
l’	O
air	O
bête	O
!	O
	
dit	O
-elle	O
très	O
haut	O
à	O
Vandeuvres	S-PER
.	O
	
Mais	O
elle	O
s’	O
interrompit	O
pour	O
dire	O
:	O
—	O
Pardieu	O
!	O
	
l’	S-MISC
Anglais	O
a	O
gagné	O
,	O
c’	O
est	O
visible	O
,	O
dit	O
Bordenave	S-PER
.	O
	
Lusignan	S-MISC
se	O
fatigue	O
et	O
Valerio	S-MISC
II	O
ne	O
peut	O
tenir	O
.	O
	
—	O
	
Vous	O
êtes	O
à	O
quarante	O
,	O
dit	O
la	S-PER
Faloise	O
.	O
	
Nana	S-PER
,	O
qui	O
ne	O
comprenait	O
rien	O
aux	O
paroles	O
chuchotées	O
par	O
le	O
comte	O
,	O
n’osa	O
pourtant	O
demander	O
de	O
nouvelles	O
explications	O
.	O
	
Il	O
paraissait	O
plus	O
nerveux	O
,	O
il	O
la	O
confia	O
brusquement	O
à	O
Labordette	S-PER
,	O
qu’	O
ils	O
trouvèrent	O
devant	O
la	O
salle	O
du	O
pesage	O
.	O
	
À	O
son	O
tour	O
,	O
elle	O
s’	O
interrompit	O
.	O
	
Elle	O
n’	O
avait	O
pas	O
besoin	O
de	O
penser	O
tout	O
haut	O
.	O
	
Enfin	O
,	O
elle	O
eut	O
l’	O
air	O
d’	O
entrer	O
dans	O
les	O
vues	O
de	O
Mignon	S-PER
,	O
pour	O
se	O
débarrasser	O
de	O
lui	O
;	O
et	O
,	O
comme	O
il	O
lui	O
conseillait	O
une	O
soumission	O
auprès	O
de	O
Rose	S-PER
,	O
par	O
exemple	O
une	O
petite	O
visite	O
sur	O
le	O
champ	O
de	O
courses	O
,	O
devant	O
tous	O
,	O
elle	O
répondit	O
qu’	O
elle	O
verrait	O
,	O
qu’	O
elle	O
réfléchirait	O
.	O
	
Un	O
tumulte	O
la	O
fit	O
se	O
relever	O
.	O
	
Sur	O
la	O
piste	O
,	O
des	O
chevaux	O
arrivaient	O
,	O
dans	O
un	O
coup	O
de	O
vent	O
.	O
	
C’	O
était	O
le	S-MISC
prix	O
de	O
la	S-LOC
Ville	O
de	O
Paris	O
,	O
que	O
gagnait	O
Cornemuse	S-MISC
.	O
	
Maintenant	O
,	O
le	O
Grand	O
Prix	O
allait	O
être	O
couru	O
,	O
la	O
fièvre	O
augmentait	O
,	O
une	O
anxiété	O
fouettait	O
la	O
foule	O
,	O
piétinant	O
,	O
ondulant	O
,	O
dans	O
un	O
besoin	O
de	O
hâter	O
les	O
minutes	O
.	O
	
Et	O
,	O
à	O
cette	O
heure	O
dernière	O
,	O
une	O
surprise	O
effarait	O
les	O
parieurs	O
,	O
la	O
hausse	O
continue	O
de	O
la	O
cote	O
de	O
Nana	S-MISC
,	O
l’	O
outsider	O
de	O
l’	S-LOC
écurie	O
Vandeuvres	S-PER
.	O
	
Des	O
messieurs	O
revenaient	O
à	O
chaque	O
instant	O
avec	O
une	O
cote	O
nouvelle	O
:	O
Nana	S-MISC
était	O
à	O
trente	O
,	O
Nana	S-MISC
était	O
à	O
vingt-cinq	O
,	O
puis	O
à	O
vingt	O
,	O
puis	O
à	O
quinze	O
.	O
	
Personne	O
ne	O
comprenait	O
.	O
	
Une	O
pouliche	O
battue	O
sur	O
tous	O
les	O
Hippodromes	O
,	O
une	O
pouliche	O
dont	O
le	O
matin	O
pas	O
un	O
parieur	O
ne	O
voulait	O
à	O
cinquante	O
!	O
	
Que	O
signifiait	O
ce	O
brusque	O
affolement	O
?	O
	
Les	O
uns	O
se	O
moquaient	O
,	O
en	O
parlant	O
d’	O
un	O
joli	O
nettoyage	O
pour	O
les	O
nigauds	O
qui	O
donnaient	O
dans	O
cette	O
farce	O
.	O
	
D’	O
autres	O
,	O
sérieux	O
,	O
inquiets	O
,	O
flairaient	O
là-dessous	O
quelque	O
chose	O
de	O
louche	O
.	O
	
Il	O
y	O
avait	O
un	O
coup	O
peut-être	O
.	O
	
On	O
faisait	O
allusion	O
à	O
des	O
histoires	O
,	O
aux	O
vols	O
tolérés	O
des	O
champs	O
de	O
courses	O
;	O
	
mais	O
cette	O
fois	O
le	O
grand	O
nom	O
de	O
Vandeuvres	O
arrêtait	O
les	O
accusations	O
,	O
et	O
les	O
sceptiques	O
l’	O
emportaient	O
,	O
en	O
somme	O
,	O
lorsqu’	O
ils	O
prédisaient	O
que	O
Nana	S-MISC
arriverait	O
belle	O
dernière	O
.	O
	
Les	O
courses	O
s’	O
achevaient	O
,	O
on	O
courait	O
le	S-MISC
Prix	O
Vaublanc	S-PER
.	O
	
Des	O
voitures	O
partaient	O
,	O
une	O
à	O
une	O
.	O
	
Cependant	O
,	O
le	O
nom	O
de	O
Vandeuvres	S-PER
revenait	O
,	O
au	O
milieu	O
de	O
querelles	O
.	O
	
Maintenant	O
,	O
c’	O
était	O
clair	O
:	O
Vandeuvres	S-PER
,	O
depuis	O
deux	O
ans	O
,	O
ménageait	O
son	O
coup	O
,	O
en	O
chargeant	O
Gresham	S-MISC
de	O
retenir	O
Nana	S-MISC
;	O
et	O
il	O
n’	O
avait	O
produit	O
Lusignan	S-MISC
que	O
pour	O
faire	O
le	O
jeu	O
de	O
la	O
pouliche	O
.	O
	
Les	O
perdants	O
se	O
fâchaient	O
,	O
tandis	O
que	O
les	O
gagnants	O
haussaient	O
les	O
épaules	O
.	O
	
Après	O
?	O
	
n’	O
était	O
-ce	O
pas	O
permis	O
?	O
	
Un	O
propriétaire	O
conduisait	O
son	O
écurie	O
comme	O
il	O
l’	O
entendait	O
.	O
	
On	O
en	O
avait	O
vu	O
bien	O
d’	O
autres	O
!	O
	
Le	O
plus	O
grand	O
nombre	O
trouvait	O
Vandeuvres	S-PER
très	O
fort	O
d’	O
avoir	O
fait	O
ramasser	O
par	O
des	O
amis	O
tout	O
ce	O
qu’	O
il	O
avait	O
pu	O
prendre	O
sur	O
Nana	S-MISC
,	O
ce	O
qui	O
expliquait	O
la	O
hausse	O
brusque	O
de	O
la	O
cote	O
;	O
	
on	O
parlait	O
de	O
deux	O
mille	O
louis	O
,	O
à	O
trente	O
en	O
moyenne	O
,	O
douze	O
cent	O
mille	O
francs	O
de	O
gain	O
,	O
un	O
chiffre	O
dont	O
l’	O
ampleur	O
frappait	O
de	O
respect	O
et	O
excusait	O
tout	O
.	O
	
—	O
	
Non	O
,	O
non	O
,	O
je	O
ne	O
veux	O
pas	O
,	O
remettez	O
-la	O
à	O
deux	O
tout	O
de	O
suite	O
…	O
	
Je	O
ne	O
vous	O
dirai	O
plus	O
rien	O
,	O
Maréchal	S-PER
.	O
	
Et	O
,	O
comme	O
Bijou	S-PER
lui	O
grattait	O
les	O
jambes	O
,	O
il	O
s’	O
en	O
chargea	O
également	O
;	O
	
tandis	O
que	O
Nana	S-PER
,	O
heureuse	O
de	O
cette	O
bête	O
qui	O
portait	O
son	O
nom	O
,	O
jetait	O
un	O
regard	O
aux	O
autres	O
femmes	O
,	O
pour	O
voir	O
leur	O
tête	O
.	O
	
Toutes	O
enrageaient	O
.	O
	
À	O
ce	O
moment	O
,	O
sur	O
son	O
fiacre	O
,	O
la	S-PER
Tricon	O
,	O
immobile	O
jusque	O
-là	O
,	O
agitait	O
les	O
mains	O
,	O
donnait	O
des	O
ordres	O
à	O
un	O
bookmaker	O
,	O
par-dessus	O
la	O
foule	O
.	O
	
Son	O
flair	O
venait	O
de	O
parler	O
,	O
elle	O
prenait	O
Nana	S-MISC
.	O
	
