Marjolin	S-PER
fut	O
trouvé	O
au	O
marché	S-LOC
des	O
Innocents	O
,	O
dans	O
un	O
tas	O
de	O
choux	O
,	O
sous	O
un	O
chou	O
blanc	O
,	O
énorme	O
,	O
et	O
dont	O
une	O
des	O
grandes	O
feuilles	O
rabattues	O
cachait	O
son	O
visage	O
rose	O
d’	O
enfant	O
endormi	O
.	O
	
On	O
ignora	O
toujours	O
quelle	O
main	O
misérable	O
l’	O
avait	O
posé	O
là	O
.	O
	
C’	O
était	O
déjà	O
un	O
petit	O
bonhomme	O
de	O
deux	O
à	O
trois	O
ans	O
,	O
très	O
gras	O
,	O
très	O
heureux	O
de	O
vivre	O
,	O
mais	O
si	O
peu	O
précoce	O
,	O
si	O
empâté	O
,	O
qu’	O
il	O
bredouillait	O
à	O
peine	O
quelques	O
mots	O
,	O
ne	O
sachant	O
que	O
sourire	O
.	O
	
Quand	O
une	O
marchande	O
de	O
légumes	O
le	O
découvrit	O
sous	O
le	O
grand	O
chou	O
blanc	O
,	O
elle	O
poussa	O
un	O
tel	O
cri	O
de	O
surprise	O
,	O
que	O
les	O
voisines	O
accoururent	O
,	O
émerveillées	O
;	O
et	O
lui	O
,	O
il	O
tendait	O
les	O
mains	O
,	O
encore	O
en	O
robe	O
,	O
roulé	O
dans	O
un	O
morceau	O
de	O
couverture	O
.	O
	
Il	O
ne	O
put	O
dire	O
qui	O
était	O
sa	O
mère	O
.	O
	
Il	O
avait	O
des	O
yeux	O
étonnés	O
,	O
en	O
se	O
serrant	O
contre	O
l’	O
épaule	O
d’	O
une	O
grosse	O
tripière	O
qui	O
l’	O
avait	O
pris	O
entre	O
les	O
bras	O
.	O
	
Jusqu’	O
au	O
soir	O
,	O
il	O
occupa	O
le	O
marché	O
.	O
	
Il	O
s’	O
était	O
rassuré	O
,	O
il	O
mangeait	O
des	O
tartines	O
,	O
il	O
riait	O
à	O
toutes	O
les	O
femmes	O
.	O
	
La	O
grosse	O
tripière	O
le	O
garda	O
;	O
	
puis	O
,	O
il	O
passa	O
à	O
une	O
voisine	O
;	O
	
un	O
mois	O
plus	O
tard	O
,	O
il	O
couchait	O
chez	O
une	O
troisième	O
.	O
	
Lorsqu’	O
on	O
lui	O
demandait	O
:	O
«	O
Où	O
est	O
ta	O
mère	O
?	O
»	O
il	O
avait	O
un	O
geste	O
adorable	O
:	O
sa	O
main	O
faisait	O
le	O
tour	O
,	O
montrant	O
les	O
marchandes	O
toutes	O
à	O
la	O
fois	O
.	O
	
Il	O
fut	O
l’	O
enfant	O
des	S-LOC
Halles	O
,	O
suivant	O
les	O
jupes	O
de	O
l’	O
une	O
ou	O
de	O
l’	O
autre	O
,	O
trouvant	O
toujours	O
un	O
coin	O
dans	O
un	O
lit	O
,	O
mangeant	O
la	O
soupe	O
un	O
peu	O
partout	O
,	O
habillé	O
à	O
la	O
grâce	O
de	O
Dieu	O
,	O
et	O
ayant	O
quand	O
même	O
des	O
sous	O
au	O
fond	O
de	O
ses	O
poches	O
percées	O
.	O
	
Une	O
belle	O
fille	O
rousse	O
,	O
qui	O
vendait	O
des	O
plantes	O
officinales	O
,	O
l’	O
avait	O
appelé	O
Marjolin	S-PER
,	O
sans	O
qu’	O
on	O
sût	O
pourquoi	O
.	O
	
Marjolin	S-PER
allait	O
avoir	O
quatre	O
ans	O
,	O
lorsque	O
la	S-PER
mère	O
Chantemesse	O
fit	O
à	O
son	O
tour	O
la	O
trouvaille	O
d’	O
une	O
petite	O
fille	O
,	O
sur	O
le	O
trottoir	O
de	O
la	S-LOC
rue	O
Saint-Denis	O
,	O
au	O
coin	O
du	O
marché	O
.	O
	
La	O
petite	O
pouvait	O
avoir	O
deux	O
ans	O
,	O
mais	O
elle	O
bavardait	O
déjà	O
comme	O
une	O
pie	O
,	O
écorchant	O
les	O
mots	O
dans	O
son	O
babil	O
d’	O
enfant	O
;	O
	
si	O
bien	O
que	O
la	S-PER
mère	O
Chantemesse	O
crut	O
comprendre	O
qu’	O
elle	O
s’	O
appelait	O
Cadine	S-PER
,	O
et	O
que	O
sa	O
mère	O
,	O
la	O
veille	O
au	O
soir	O
,	O
l’	O
avait	O
assise	O
sous	O
une	O
porte	O
,	O
en	O
lui	O
disant	O
de	O
l’	O
attendre	O
.	O
	
L’	O
enfant	O
avait	O
dormi	O
là	O
;	O
	
elle	O
ne	O
pleurait	O
pas	O
,	O
elle	O
racontait	O
qu’	O
on	O
la	O
battait	O
.	O
	
Puis	O
,	O
elle	O
suivit	O
la	S-PER
mère	O
Chantemesse	O
,	O
bien	O
contente	O
,	O
enchantée	O
de	O
cette	O
grande	O
place	O
,	O
où	O
il	O
y	O
avait	O
tant	O
de	O
monde	O
et	O
tant	O
de	O
légumes	O
.	O
	
La	S-PER
mère	O
Chantemesse	O
,	O
qui	O
vendait	O
au	O
petit	O
tas	O
,	O
était	O
une	O
digne	O
femme	O
,	O
très	O
bourrue	O
,	O
touchant	O
déjà	O
à	O
la	O
soixantaine	O
;	O
	
elle	O
adorait	O
les	O
enfants	O
,	O
ayant	O
perdu	O
trois	O
garçons	O
au	O
berceau	O
.	O
	
Elle	O
pensa	O
que	O
«	O
cette	O
roulure	O
-là	O
semblait	O
une	O
trop	O
mauvaise	O
gale	O
pour	O
crever	O
»	O
,	O
et	O
elle	O
adopta	O
Cadine	S-PER
.	O
	
Mais	O
,	O
un	O
soir	O
,	O
comme	O
la	S-PER
mère	O
Chantemesse	O
s’	O
en	O
allait	O
,	O
tenant	O
Cadine	S-PER
de	O
la	O
main	O
droite	O
,	O
Marjolin	S-PER
lui	O
prit	O
sans	O
façon	O
la	O
main	O
gauche	O
.	O
	
–	O
Eh	O
!	O
	
mon	O
garçon	O
,	O
dit	O
la	O
vieille	O
en	O
s’	O
arrêtant	O
,	O
la	O
place	O
est	O
donnée	O
…	O
	
Tu	O
n’es	O
donc	O
plus	O
avec	O
la	S-PER
grande	O
Thérèse	O
!	O
	
Tu	O
es	O
un	O
fameux	O
coureur	O
,	O
sais	O
-tu	O
?	O
	
Il	O
la	O
regardait	O
,	O
avec	O
son	O
rire	O
,	O
sans	O
la	O
lâcher	O
.	O
	
Elle	O
ne	O
put	O
rester	O
grondeuse	O
,	O
tant	O
il	O
était	O
joli	O
et	O
bouclé	O
.	O
	
Elle	O
murmura	O
:	O
	
–	O
Allons	O
,	O
venez	O
,	O
marmaille	O
…	O
	
Je	O
vous	O
coucherai	O
ensemble	O
.	O
	
Et	O
elle	O
arriva	O
rue	S-LOC
au	O
Lard	O
,	O
où	O
elle	O
demeurait	O
,	O
avec	O
un	O
enfant	O
de	O
chaque	O
main	O
.	O
	
Marjolin	S-PER
s’	O
oublia	O
chez	O
la	S-PER
mère	O
Chantemesse	O
.	O
	
Quand	O
ils	O
faisaient	O
par	O
trop	O
de	O
tapage	O
,	O
elle	O
leur	O
allongeait	O
quelques	O
taloches	O
,	O
heureuse	O
de	O
pouvoir	O
crier	O
,	O
de	O
se	O
fâcher	O
,	O
de	O
les	O
débarbouiller	O
,	O
de	O
les	O
fourrer	O
sous	O
la	O
même	O
couverture	O
.	O
	
Elle	O
leur	O
avait	O
installé	O
un	O
petit	O
lit	O
,	O
dans	O
une	O
vieille	O
voiture	O
de	O
marchand	O
des	O
quatre-saisons	O
,	O
dont	O
les	O
roues	O
et	O
les	O
brancards	O
manquaient	O
.	O
	
C’	O
était	O
comme	O
un	O
large	O
berceau	O
,	O
un	O
peu	O
dur	O
,	O
encore	O
tout	O
odorant	O
des	O
légumes	O
qu’	O
elle	O
y	O
avait	O
longtemps	O
tenus	O
frais	O
sous	O
des	O
linges	O
mouillés	O
.	O
	
Cadine	S-PER
et	O
Marjolin	S-PER
dormirent	O
là	O
,	O
à	O
quatre	O
ans	O
,	O
aux	O
bras	O
l’	O
un	O
de	O
l’	O
autre	O
.	O
	
Alors	O
,	O
ils	O
grandirent	O
ensemble	O
,	O
on	O
les	O
vit	O
toujours	O
les	O
mains	O
à	O
la	O
taille	O
.	O
	
La	O
nuit	O
,	O
la	S-PER
mère	O
Chantemesse	O
les	O
entendait	O
qui	O
bavardaient	O
doucement	O
.	O
	
La	O
voix	O
flûtée	O
de	O
Cadine	S-PER
,	O
pendant	O
des	O
heures	O
,	O
racontait	O
des	O
choses	O
sans	O
fin	O
,	O
que	O
Marjolin	S-PER
écoutait	O
avec	O
des	O
étonnements	O
plus	O
sourds	O
.	O
	
Elle	O
était	O
très	O
méchante	O
,	O
elle	O
inventait	O
des	O
histoires	O
pour	O
lui	O
faire	O
peur	O
,	O
lui	O
disait	O
que	O
,	O
l’	O
autre	O
nuit	O
,	O
elle	O
avait	O
vu	O
un	O
homme	O
tout	O
blanc	O
,	O
au	O
pied	O
de	O
leur	O
lit	O
,	O
qui	O
les	O
regardait	O
,	O
en	O
tirant	O
une	O
grande	O
langue	O
rouge	O
.	O
	
Marjolin	S-PER
suait	O
d’	O
angoisse	O
,	O
lui	O
demandait	O
des	O
détails	O
;	O
et	O
elle	O
se	O
moquait	O
de	O
lui	O
,	O
elle	O
finissait	O
par	O
l’	O
appeler	O
«	O
grosse	O
bête	O
»	O
.	O
	
D’	O
autres	O
fois	O
,	O
ils	O
n’	O
étaient	O
pas	O
sages	O
,	O
ils	O
se	O
donnaient	O
des	O
coups	O
de	O
pied	O
,	O
sous	O
les	O
couvertures	O
;	O
	
Cadine	S-PER
repliait	O
les	O
jambes	O
,	O
étouffait	O
ses	O
rires	O
,	O
quand	O
Marjolin	S-PER
,	O
de	O
toutes	O
ses	O
forces	O
,	O
la	O
manquait	O
et	O
allait	O
taper	O
dans	O
le	O
mur	O
.	O
	
Il	O
fallait	O
,	O
ces	O
fois	O
-là	O
,	O
que	O
la	S-PER
mère	O
Chantemesse	O
se	O
levât	O
pour	O
border	O
les	O
couvertures	O
;	O
	
elle	O
les	O
endormait	O
tous	O
les	O
deux	O
d’	O
une	O
calotte	O
,	O
sur	O
l’	O
oreiller	O
.	O
	
Le	O
lit	O
fut	O
longtemps	O
ainsi	O
pour	O
eux	O
un	O
lieu	O
de	O
récréation	O
;	O
	
ils	O
y	O
emportaient	O
leurs	O
joujoux	O
,	O
ils	O
y	O
mangeaient	O
des	O
carottes	O
et	O
des	O
navets	O
volés	O
;	O
	
chaque	O
matin	O
,	O
leur	O
mère	O
adoptive	O
était	O
toute	O
surprise	O
d’	O
y	O
trouver	O
des	O
objets	O
étranges	O
,	O
des	O
cailloux	O
,	O
des	O
feuilles	O
,	O
des	O
trognons	O
de	O
pommes	O
,	O
des	O
poupées	O
faites	O
avec	O
des	O
bouts	O
de	O
chiffon	O
.	O
	
Et	O
,	O
les	O
jours	O
de	O
grands	O
froids	O
,	O
elle	O
les	O
laissait	O
là	O
,	O
endormis	O
,	O
la	O
tignasse	O
noire	O
de	O
Cadine	S-PER
mêlée	O
aux	O
boucles	O
blondes	O
de	O
Marjolin	S-PER
,	O
les	O
bouches	O
si	O
près	O
l’	O
une	O
de	O
l’	O
autre	O
,	O
qu’	O
ils	O
semblaient	O
se	O
réchauffer	O
de	O
leur	O
haleine	O
.	O
	
Cette	O
chambre	O
de	O
la	S-LOC
rue	O
au	O
Lard	O
était	O
un	O
grand	O
galetas	O
,	O
délabré	O
,	O
qu’	O
une	O
seule	O
fenêtre	O
,	O
aux	O
vitres	O
dépolies	O
par	O
les	O
pluies	O
,	O
éclairait	O
.	O
	
Les	O
enfants	O
y	O
jouaient	O
à	O
cache-cache	O
,	O
dans	O
la	O
haute	O
armoire	O
de	O
noyer	O
et	O
sous	O
le	O
lit	O
colossal	O
de	O
la	S-PER
mère	O
Chantemesse	O
.	O
	
Il	O
y	O
avait	O
encore	O
deux	O
ou	O
trois	O
tables	O
,	O
sous	O
lesquelles	O
ils	O
marchaient	O
à	O
quatre	O
pattes	O
.	O
	
C’	O
était	O
charmant	O
,	O
parce	O
qu’	O
il	O
n’	O
y	O
faisait	O
pas	O
clair	O
,	O
et	O
que	O
des	O
légumes	O
traînaient	O
dans	O
les	O
coins	O
noirs	O
.	O
	
La	S-LOC
rue	O
au	O
Lard	O
,	O
elle	O
aussi	O
,	O
était	O
bien	O
amusante	O
,	O
étroite	O
,	O
peu	O
fréquentée	O
,	O
avec	O
sa	O
large	O
arcade	O
qui	O
s’	O
ouvre	O
sur	O
la	O
rue	O
de	O
la	O
Lingerie	O
.	O
	
La	O
porte	O
de	O
la	O
maison	O
se	O
trouvait	O
à	O
côté	O
même	O
de	O
l’	O
arcade	O
,	O
une	O
porte	O
basse	O
,	O
dont	O
le	O
battant	O
ne	O
s’	O
ouvrait	O
qu’	O
à	O
demi	O
sur	O
les	O
marches	O
grasses	O
d’	O
un	O
escalier	O
tournant	O
.	O
	
Cette	O
maison	O
,	O
à	O
auvent	O
,	O
qui	O
se	O
renflait	O
,	O
toute	O
sombre	O
d’	O
humidité	O
,	O
avec	O
la	O
caisse	O
verdie	O
des	O
plombs	O
,	O
à	O
chaque	O
étage	O
,	O
devenait	O
,	O
elle	O
aussi	O
,	O
un	O
grand	O
joujou	O
.	O
	
Cadine	S-PER
et	O
Marjolin	S-PER
passaient	O
leurs	O
matinées	O
à	O
jeter	O
d’	O
en	O
bas	O
des	O
pierres	O
,	O
de	O
façon	O
à	O
les	O
lancer	O
dans	O
les	O
plombs	O
,	O
les	O
pierres	O
descendaient	O
alors	O
le	O
long	O
des	O
tuyaux	O
de	O
descente	O
,	O
en	O
faisant	O
un	O
tapage	O
très	O
réjouissant	O
.	O
	
Mais	O
ils	O
cassèrent	O
deux	O
vitres	O
,	O
et	O
ils	O
emplirent	O
les	O
tuyaux	O
de	O
cailloux	O
,	O
à	O
tel	O
point	O
que	O
la	S-PER
mère	O
Chantemesse	O
,	O
qui	O
habitait	O
la	O
maison	O
depuis	O
quarante-trois	O
ans	O
,	O
faillit	O
recevoir	O
congé	O
.	O
	
Cadine	S-PER
et	O
Marjolin	S-PER
s’	O
attaquèrent	O
alors	O
aux	O
tapissières	O
,	O
aux	O
haquets	O
,	O
aux	O
camions	O
,	O
qui	O
stationnaient	O
dans	O
la	O
rue	O
déserte	O
.	O
	
Ils	O
montaient	O
sur	O
les	O
roues	O
,	O
se	O
balançaient	O
aux	O
bouts	O
de	O
chaîne	O
,	O
escaladaient	O
les	O
caisses	O
,	O
les	O
paniers	O
entassés	O
.	O
	
Les	O
arrière-magasins	O
des	O
commissionnaires	O
de	O
la	S-LOC
rue	O
de	O
la	O
Poterie	O
ouvraient	O
là	O
de	O
vastes	O
salles	O
sombres	O
,	O
qui	O
s’	O
emplissaient	O
et	O
se	O
vidaient	O
en	O
un	O
jour	O
,	O
ménageant	O
à	O
chaque	O
heure	O
de	O
nouveaux	O
trous	O
charmants	O
,	O
des	O
cachettes	O
,	O
où	O
les	O
gamins	O
s’	O
oubliaient	O
dans	O
l’	O
odeur	O
des	O
fruits	O
secs	O
,	O
des	O
oranges	O
,	O
des	O
pommes	O
fraîches	O
.	O
	
Puis	O
,	O
ils	O
se	O
lassaient	O
,	O
ils	O
allaient	O
retrouver	O
la	S-PER
mère	O
Chantemesse	O
,	O
sur	O
le	S-LOC
carreau	O
des	O
Innocents	O
.	O
	
Ils	O
y	O
arrivaient	O
,	O
bras	O
dessus	O
,	O
bras	O
dessous	O
,	O
traversant	O
les	O
rues	O
avec	O
des	O
rires	O
,	O
au	O
milieu	O
des	O
voitures	O
,	O
sans	O
avoir	O
peur	O
d’	O
être	O
écrasés	O
.	O
	
Ils	O
connaissaient	O
le	O
pavé	O
,	O
enfonçant	O
leurs	O
petites	O
jambes	O
jusqu’	O
aux	O
genoux	O
dans	O
les	O
fanes	O
de	O
légumes	O
;	O
	
ils	O
ne	O
glissaient	O
pas	O
,	O
ils	O
se	O
moquaient	O
,	O
quand	O
quelque	O
routier	O
,	O
aux	O
souliers	O
lourds	O
,	O
s’	O
étalait	O
les	O
quatre	O
fers	O
en	O
l’	O
air	O
,	O
pour	O
avoir	O
marché	O
sur	O
une	O
queue	O
d’	O
artichaut	O
.	O
	
Ils	O
étaient	O
les	O
diables	O
roses	O
et	O
familiers	O
de	O
ces	O
rues	O
grasses	O
.	O
	
On	O
ne	O
voyait	O
qu’eux	O
.	O
	
Par	O
les	O
temps	O
de	O
pluie	O
,	O
ils	O
se	O
promenaient	O
gravement	O
,	O
sous	O
un	O
immense	O
parasol	O
tout	O
en	O
loques	O
,	O
dont	O
la	O
marchande	O
au	O
petit	O
tas	O
avait	O
abrité	O
son	O
éventaire	O
pendant	O
vingt	O
ans	O
;	O
	
ils	O
le	O
plantaient	O
gravement	O
dans	O
un	O
coin	O
du	O
marché	O
,	O
ils	O
appelaient	O
ça	O
«	O
leur	O
maison	O
»	O
.	O
	
Les	O
jours	O
de	O
soleil	O
,	O
ils	O
galopinaient	O
,	O
à	O
ne	O
plus	O
pouvoir	O
remuer	O
le	O
soir	O
;	O
	
ils	O
prenaient	O
des	O
bains	O
de	O
pieds	O
dans	O
la	O
fontaine	O
,	O
faisaient	O
des	O
écluses	O
en	O
barrant	O
les	O
ruisseaux	O
,	O
se	O
cachaient	O
sous	O
des	O
tas	O
de	O
légumes	O
,	O
restaient	O
là	O
,	O
au	O
frais	O
,	O
à	O
bavarder	O
,	O
comme	O
la	O
nuit	O
,	O
dans	O
leur	O
lit	O
.	O
	
On	O
entendait	O
souvent	O
sortir	O
,	O
en	O
passant	O
à	O
côté	O
d’	O
une	O
montagne	O
de	O
laitues	O
ou	O
de	O
romaines	O
,	O
un	O
caquetage	O
étouffé	O
.	O
	
Lorsqu’	O
on	O
écartait	O
les	O
salades	O
,	O
on	O
les	O
apercevait	O
,	O
allongés	O
côte	O
à	O
côte	O
,	O
sur	O
leur	O
couche	O
de	O
feuilles	O
,	O
l’	O
œil	O
vif	O
,	O
inquiets	O
comme	O
des	O
oiseaux	O
découverts	O
au	O
fond	O
d’	O
un	O
buisson	O
.	O
	
Maintenant	O
,	O
Cadine	S-PER
ne	O
pouvait	O
se	O
passer	O
de	O
Marjolin	S-PER
,	O
et	O
Marjolin	S-PER
pleurait	O
,	O
quand	O
il	O
perdait	O
Cadine	S-PER
.	O
	
S’	O
ils	O
venaient	O
à	O
être	O
séparés	O
,	O
ils	O
se	O
cherchaient	O
derrière	O
toutes	O
les	O
jupes	O
des	O
Halles	O
,	O
dans	O
les	O
caisses	O
,	O
sous	O
les	O
choux	O
.	O
	
Ce	O
fut	O
surtout	O
sous	O
les	O
choux	O
qu’	O
ils	O
grandirent	O
et	O
qu’	O
ils	O
s’	O
aimèrent	O
.	O
	
Marjolin	S-PER
allait	O
avoir	O
huit	O
ans	O
,	O
et	O
Cadine	S-PER
six	O
,	O
quand	O
la	S-PER
mère	O
Chantemesse	O
leur	O
fit	O
honte	O
de	O
leur	O
paresse	O
.	O
	
Elle	O
leur	O
dit	O
qu’	O
elle	O
les	O
associait	O
à	O
sa	O
vente	O
au	O
petit	O
tas	O
;	O
	
elle	O
leur	O
promit	O
un	O
sou	O
par	O
jour	O
,	O
s’	O
ils	O
voulaient	O
l’	O
aider	O
à	O
éplucher	O
ses	O
légumes	O
.	O
	
Les	O
premiers	O
jours	O
,	O
les	O
enfants	O
eurent	O
un	O
beau	O
zèle	O
.	O
	
Ils	O
s’	O
établissaient	O
aux	O
deux	O
côtés	O
de	O
l’	O
éventaire	O
,	O
avec	O
des	O
couteaux	O
étroits	O
,	O
très	O
attentifs	O
à	O
la	O
besogne	O
.	O
	
La	S-PER
mère	O
Chantemesse	O
avait	O
la	O
spécialité	O
des	O
légumes	O
épluchés	O
;	O
	
elle	O
tenait	O
,	O
sur	O
sa	O
table	O
tendue	O
d’	O
un	O
bout	O
de	O
lainage	O
noir	O
mouillé	O
,	O
des	O
alignements	O
de	O
pommes	O
de	O
terre	O
,	O
de	O
navets	O
,	O
de	O
carottes	O
,	O
d’oignons	O
blancs	O
,	O
rangés	O
quatre	O
par	O
quatre	O
,	O
en	O
pyramide	O
,	O
trois	O
pour	O
la	O
base	O
,	O
un	O
pour	O
la	O
pointe	O
,	O
tout	O
prêts	O
à	O
être	O
mis	O
dans	O
les	O
casseroles	O
des	O
ménagères	O
attardées	O
.	O
	
Elle	O
avait	O
aussi	O
des	O
paquets	O
ficelés	O
pour	O
le	O
pot-au-feu	O
,	O
quatre	O
poireaux	O
,	O
trois	O
carottes	O
,	O
un	O
panais	O
,	O
deux	O
navets	O
,	O
deux	O
brins	O
de	O
céleri	O
;	O
	
sans	O
parler	O
de	O
la	O
julienne	O
fraîche	O
coupée	O
très	O
fine	O
sur	O
des	O
feuilles	O
de	O
papier	O
,	O
des	O
choux	O
taillés	O
en	O
quatre	O
,	O
des	O
tas	O
de	O
tomates	O
et	O
des	O
tranches	O
de	O
potiron	O
qui	O
mettaient	O
des	O
étoiles	O
rouges	O
et	O
des	O
croissants	O
d’	O
or	O
dans	O
la	O
blancheur	O
des	O
autres	O
légumes	O
lavés	O
à	O
grande	O
eau	O
.	O
	
Cadine	S-PER
se	O
montra	O
beaucoup	O
plus	O
habile	O
que	O
Marjolin	O
,	O
bien	O
qu’	O
elle	O
fût	O
plus	O
jeune	O
;	O
	
elle	O
enlevait	O
aux	O
pommes	O
de	O
terre	O
une	O
pelure	O
si	O
mince	O
,	O
qu’	O
on	O
voyait	O
le	O
jour	O
à	O
travers	O
;	O
	
elle	O
ficelait	O
les	O
paquets	O
pour	O
le	O
pot-au-feu	O
d’	O
une	O
si	O
gentille	O
façon	O
,	O
qu’	O
ils	O
ressemblaient	O
à	O
des	O
bouquets	O
;	O
	
enfin	O
,	O
elle	O
savait	O
faire	O
des	O
petits	O
tas	O
qui	O
paraissaient	O
très	O
gros	O
,	O
rien	O
qu’	O
avec	O
trois	O
carottes	O
ou	O
trois	O
navets	O
.	O
	
Les	O
passants	O
s’	O
arrêtaient	O
en	O
riant	O
,	O
quand	O
elle	O
criait	O
de	O
sa	O
voix	O
pointue	O
de	O
gamine	O
:	O
	
–	O
Madame	O
,	O
madame	O
,	O
venez	O
me	O
voir	O
…	O
	
À	O
deux	O
sous	O
,	O
mon	O
petit	O
tas	O
!	O
	
Elle	O
avait	O
des	O
pratiques	O
,	O
ses	O
petits	O
tas	O
étaient	O
très	O
connus	O
.	O
	
La	S-PER
mère	O
Chantemesse	O
,	O
assise	O
entre	O
les	O
deux	O
enfants	O
,	O
riait	O
d’	O
un	O
rire	O
intérieur	O
,	O
qui	O
lui	O
faisait	O
monter	O
la	O
gorge	O
au	O
menton	O
,	O
à	O
les	O
voir	O
si	O
sérieux	O
à	O
la	O
besogne	O
.	O
	
Elle	O
leur	O
donnait	O
religieusement	O
leur	O
sou	O
par	O
jour	O
.	O
	
Mais	O
les	O
petits	O
tas	O
finirent	O
par	O
les	O
ennuyer	O
.	O
	
Ils	O
prenaient	O
de	O
l’	O
âge	O
,	O
ils	O
rêvaient	O
des	O
commerces	O
plus	O
lucratifs	O
.	O
	
Marjolin	S-PER
restait	O
enfant	O
très	O
tard	O
,	O
ce	O
qui	O
impatientait	O
Cadine	S-PER
.	O
	
Il	O
n’	O
avait	O
pas	O
plus	O
d’	O
idée	O
qu’	O
un	O
chou	O
,	O
disait	O
-elle	O
.	O
	
Et	O
,	O
à	O
la	O
vérité	O
,	O
elle	O
avait	O
beau	O
inventer	O
pour	O
lui	O
des	O
moyens	O
de	O
gagner	O
de	O
l’	O
argent	O
,	O
il	O
n’	O
en	O
gagnait	O
point	O
,	O
il	O
ne	O
savait	O
pas	O
même	O
faire	O
une	O
commission	O
.	O
	
Elle	O
était	O
très	O
rouée	O
.	O
	
À	O
huit	O
ans	O
,	O
elle	O
se	O
fit	O
enrôler	O
par	O
une	O
de	O
ces	O
marchandes	O
qui	O
s’	O
assoient	O
sur	O
un	O
banc	O
,	O
autour	O
des	S-LOC
Halles	O
,	O
avec	O
un	O
panier	O
de	O
citrons	O
,	O
que	O
toute	O
une	O
bande	O
de	O
gamines	O
vendent	O
sous	O
leurs	O
ordres	O
;	O
	
elle	O
offrait	O
les	O
citrons	O
dans	O
sa	O
main	O
,	O
deux	O
pour	O
trois	O
sous	O
,	O
courant	O
après	O
les	O
passants	O
,	O
poussant	O
sa	O
marchandise	O
sous	O
le	O
nez	O
des	O
femmes	O
,	O
retournant	O
s’	O
approvisionner	O
,	O
quand	O
elle	O
avait	O
la	O
main	O
vide	O
;	O
	
elle	O
touchait	O
deux	O
sous	O
par	O
douzaine	O
de	O
citrons	O
,	O
ce	O
qui	O
mettait	O
ses	O
journées	O
jusqu’	O
à	O
cinq	O
et	O
six	O
sous	O
,	O
dans	O
les	O
bons	O
temps	O
.	O
	
L’	O
année	O
suivante	O
,	O
elle	O
plaça	O
des	O
bonnets	O
à	O
neuf	O
sous	O
;	O
	
le	O
gain	O
était	O
plus	O
fort	O
;	O
	
seulement	O
,	O
il	O
fallait	O
avoir	O
l’	O
œil	O
vif	O
,	O
car	O
ces	O
commerces	O
en	O
plein	O
vent	O
sont	O
défendus	O
;	O
	
elle	O
flairait	O
les	O
sergents	O
de	O
ville	O
à	O
cent	O
pas	O
,	O
les	O
bonnets	O
disparaissaient	O
sous	O
ses	O
jupes	O
,	O
tandis	O
qu’	O
elle	O
croquait	O
une	O
pomme	O
,	O
d’	O
un	O
air	O
innocent	O
.	O
	
Puis	O
,	O
elle	O
tint	O
des	O
gâteaux	O
,	O
des	O
galettes	O
,	O
des	O
tartes	O
aux	O
cerises	O
,	O
des	O
croquets	O
,	O
des	O
biscuits	O
de	O
maïs	O
,	O
épais	O
et	O
jaunes	O
,	O
sur	O
des	O
claies	O
d’	O
osier	O
;	O
	
mais	O
Marjolin	S-PER
lui	O
mangea	O
son	O
fonds	O
.	O
	
Enfin	O
,	O
à	O
onze	O
ans	O
,	O
elle	O
réalisa	O
une	O
grande	O
idée	O
qui	O
la	O
tourmentait	O
depuis	O
longtemps	O
.	O
	
Elle	O
économisa	O
quatre	O
francs	O
en	O
deux	O
mois	O
,	O
fit	O
l’	O
emplette	O
d’	O
une	O
petite	O
hotte	O
,	O
et	O
se	O
mit	O
marchande	O
de	O
mouron	O
.	O
	
C’	O
était	O
toute	O
une	O
grosse	O
affaire	O
.	O
	
Elle	O
se	O
levait	O
de	O
bon	O
matin	O
,	O
achetait	O
aux	O
vendeurs	O
en	O
gros	O
sa	O
provision	O
de	O
mouron	O
,	O
de	O
millet	O
en	O
branche	O
,	O
d’	O
échaudés	O
;	O
	
puis	O
elle	O
partait	O
,	O
passait	O
l’	O
eau	O
,	O
courait	O
le	S-LOC
quartier	O
Latin	O
,	O
de	O
la	S-LOC
rue	O
Saint-Jacques	O
à	O
la	S-LOC
rue	O
Dauphine	O
,	O
et	O
jusqu’	O
au	S-LOC
Luxembourg	O
.	O
	
Marjolin	O
l’	O
accompagnait	O
.	O
	
Elle	O
ne	O
voulait	O
pas	O
même	O
qu’	O
il	O
portât	O
la	O
hotte	O
;	O
	
elle	O
disait	O
qu’	O
il	O
n’	O
était	O
bon	O
qu’	O
à	O
crier	O
;	O
	
et	O
il	O
criait	O
sur	O
un	O
ton	O
gras	O
et	O
traînant	O
:	O
	
–	O
Mouron	O
pour	O
les	O
p’tits	O
oiseaux	O
!	O
	
Et	O
elle	O
reprenait	O
,	O
avec	O
des	O
notes	O
de	O
flûte	O
,	O
sur	O
une	O
étrange	O
phrase	O
musicale	O
qui	O
finissait	O
par	O
un	O
son	O
pur	O
et	O
filé	O
,	O
très	O
haut	O
:	O
	
–	O
Mouron	O
pour	O
les	O
p’tits	O
oiseaux	O
!	O
	
Ils	O
allaient	O
chacun	O
sur	O
un	O
trottoir	O
,	O
regardant	O
en	O
l’	O
air	O
.	O
	
À	O
cette	O
époque	O
,	O
Marjolin	S-PER
avait	O
un	O
grand	O
gilet	O
rouge	O
qui	O
lui	O
descendait	O
jusqu’	O
aux	O
genoux	O
,	O
le	O
gilet	O
du	O
défunt	S-PER
père	O
Chantemesse	O
,	O
ancien	O
cocher	O
de	O
fiacre	O
;	O
	
Cadine	S-PER
portait	O
une	O
robe	O
à	O
carreaux	O
bleus	O
et	O
blancs	O
,	O
taillée	O
dans	O
un	O
tartan	O
usé	O
de	O
la	S-PER
mère	O
Chantemesse	O
.	O
	
Les	O
serins	O
de	O
toutes	O
les	O
mansardes	O
du	O
quartier	O
Latin	O
les	O
connaissaient	O
.	O
	
Quand	O
ils	O
passaient	O
,	O
répétant	O
leur	O
phrase	O
,	O
se	O
jetant	O
l’	O
écho	O
de	O
leur	O
cri	O
,	O
les	O
cages	O
chantaient	O
.	O
	
Cadine	S-PER
vendit	O
aussi	O
du	O
cresson	O
.	O
	
«	O
À	O
deux	O
sous	O
la	O
botte	O
!	O
	
À	O
deux	O
sous	O
la	O
botte	O
!	O
»	O
Et	O
c’	O
était	O
Marjolin	S-PER
qui	O
entrait	O
dans	O
les	O
boutiques	O
pour	O
offrir	O
«	O
le	O
beau	O
cresson	O
de	O
fontaine	O
,	O
la	O
santé	O
du	O
corps	O
!	O
	
»	O
Mais	O
les	S-LOC
Halles	O
centrales	O
venaient	O
d’	O
être	O
construites	O
;	O
	
la	O
petite	O
restait	O
en	O
extase	O
devant	O
l’	O
allée	O
aux	O
fleurs	O
qui	O
traverse	O
le	O
pavillon	O
des	O
fruits	O
.	O
	
Là	O
,	O
tout	O
le	O
long	O
,	O
les	O
bancs	O
de	O
vente	O
,	O
comme	O
des	O
plates-bandes	O
aux	O
deux	O
bords	O
d’	O
un	O
sentier	O
,	O
fleurissent	O
,	O
épanouissent	O
de	O
gros	O
bouquets	O
;	O
	
c’	O
est	O
une	O
moisson	O
odorante	O
,	O
deux	O
haies	O
épaisses	O
de	O
roses	O
,	O
entre	O
lesquelles	O
les	O
filles	O
du	O
quartier	O
aiment	O
à	O
passer	O
,	O
souriantes	O
,	O
un	O
peu	O
étouffées	O
par	O
la	O
senteur	O
trop	O
forte	O
;	O
et	O
,	O
en	O
haut	O
des	O
étalages	O
,	O
il	O
y	O
a	O
des	O
fleurs	O
artificielles	O
,	O
des	O
feuillages	O
de	O
papier	O
où	O
des	O
gouttes	O
de	O
gomme	O
font	O
des	O
gouttes	O
de	O
rosée	O
,	O
des	O
couronnes	O
de	O
cimetière	O
en	O
perles	O
noires	O
et	O
blanches	O
qui	O
se	O
moirent	O
de	O
reflets	O
bleus	O
.	O
	
Cadine	S-PER
ouvrait	O
son	O
nez	O
rose	O
avec	O
des	O
sensualités	O
de	O
chatte	O
;	O
	
elle	O
s’	O
arrêtait	O
dans	O
cette	O
fraîcheur	O
douce	O
,	O
emportait	O
tout	O
ce	O
qu’	O
elle	O
pouvait	O
de	O
parfum	O
.	O
	
Quand	O
elle	O
mettait	O
son	O
chignon	O
sous	O
le	O
nez	O
de	O
Marjolin	S-PER
,	O
il	O
disait	O
que	O
ça	O
sentait	O
l’	O
œillet	O
.	O
	
Elle	O
jurait	O
qu’	O
elle	O
ne	O
se	O
servait	O
plus	O
de	O
pommade	O
,	O
qu’	O
il	O
suffisait	O
de	O
passer	O
dans	O
l’	O
allée	O
.	O
	
Puis	O
,	O
elle	O
intrigua	O
tellement	O
,	O
qu’	O
elle	O
entra	O
au	O
service	O
d’	O
une	O
des	O
marchandes	O
.	O
	
Alors	O
,	O
Marjolin	S-PER
trouva	O
qu’	O
elle	O
sentait	O
bon	O
des	O
pieds	O
à	O
la	O
tête	O
.	O
	
Elle	O
vivait	O
dans	O
les	O
roses	O
,	O
dans	O
les	O
lilas	O
,	O
dans	O
les	O
giroflées	O
,	O
dans	O
les	O
muguets	O
.	O
	
Lui	O
,	O
flairant	O
la	O
jupe	O
,	O
longuement	O
,	O
en	O
manière	O
de	O
jeu	O
,	O
semblait	O
chercher	O
,	O
finissait	O
par	O
dire	O
:	O
«	O
Ça	O
sent	O
le	O
muguet	O
.	O
	
»	O
Il	O
montait	O
à	O
la	O
taille	O
,	O
au	O
corsage	O
,	O
reniflait	O
plus	O
fort	O
:	O
«	O
Ça	O
sent	O
la	O
giroflée	O
.	O
	
»	O
Et	O
aux	O
manches	O
,	O
à	O
la	O
jointure	O
des	O
poignets	O
:	O
«	O
Ça	O
sent	O
le	O
lilas	O
.	O
	
»	O
Et	O
à	O
la	O
nuque	O
,	O
tout	O
autour	O
du	O
cou	O
,	O
sur	O
les	O
joues	O
,	O
sur	O
les	O
lèvres	O
:	O
«	O
Ça	O
sent	O
la	O
rose	O
.	O
	
»	O
Cadine	S-PER
riait	O
,	O
l’	O
appelait	O
«	O
bêta	O
»	O
,	O
lui	O
criait	O
de	O
finir	O
,	O
parce	O
qu’	O
il	O
lui	O
faisait	O
des	O
chatouilles	O
avec	O
le	O
bout	O
de	O
son	O
nez	O
.	O
	
Elle	O
avait	O
une	O
haleine	O
de	O
jasmin	O
.	O
	
Elle	O
était	O
un	O
bouquet	O
tiède	O
et	O
vivant	O
.	O
	
Maintenant	O
,	O
la	O
petite	O
se	O
levait	O
à	O
quatre	O
heures	O
,	O
pour	O
aider	O
sa	O
patronne	O
dans	O
ses	O
achats	O
.	O
	
C’	O
était	O
,	O
chaque	O
matin	O
,	O
des	O
brassées	O
de	O
fleurs	O
achetées	O
aux	O
horticulteurs	O
de	O
la	O
banlieue	O
,	O
des	O
paquets	O
de	O
mousse	O
,	O
des	O
paquets	O
de	O
feuilles	O
de	O
fougère	O
et	O
de	O
pervenche	O
,	O
pour	O
entourer	O
les	O
bouquets	O
.	O
	
Cadine	S-PER
restait	O
émerveillée	O
devant	O
les	O
brillants	O
et	O
les	O
valenciennes	O
que	O
portaient	O
les	O
filles	O
des	O
grands	O
jardiniers	O
de	O
Montreuil	S-LOC
,	O
venues	O
au	O
milieu	O
de	O
leurs	O
roses	O
.	O
	
Les	O
jours	O
de	O
sainte	O
Marie	O
,	O
de	O
saint	O
Pierre	O
,	O
de	O
saint	O
Joseph	O
,	O
des	O
saints	O
patronymiques	O
très	O
fêtés	O
,	O
la	O
vente	O
commençait	O
à	O
deux	O
heures	O
;	O
	
il	O
se	O
vendait	O
,	O
sur	O
le	O
carreau	O
,	O
pour	O
plus	O
de	O
cent	O
mille	O
francs	O
de	O
fleurs	O
coupées	O
;	O
des	O
revendeuses	O
gagnaient	O
jusqu’	O
à	O
deux	O
cents	O
francs	O
en	O
quelques	O
heures	O
.	O
	
Ces	O
jours	O
-là	O
,	O
Cadine	S-PER
ne	O
montrait	O
plus	O
que	O
les	O
mèches	O
frisées	O
de	O
ses	O
cheveux	O
au-dessus	O
des	O
bottes	O
de	O
pensées	O
,	O
de	O
réséda	O
,	O
de	O
marguerites	O
;	O
	
elle	O
était	O
noyée	O
,	O
perdue	O
sous	O
les	O
fleurs	O
;	O
	
elle	O
montait	O
toute	O
la	O
journée	O
des	O
bouquets	O
sur	O
des	O
brins	O
de	O
jonc	O
.	O
	
En	O
quelques	O
semaines	O
,	O
elle	O
avait	O
acquis	O
de	O
l’	O
habileté	O
et	O
une	O
grâce	O
originale	O
.	O
	
Ses	O
bouquets	O
ne	O
plaisaient	O
pas	O
à	O
tout	O
le	O
monde	O
;	O
	
ils	O
faisaient	O
sourire	O
,	O
et	O
ils	O
inquiétaient	O
,	O
par	O
un	O
côté	O
de	O
naïveté	O
cruelle	O
.	O
	
Les	O
rouges	O
y	O
dominaient	O
,	O
coupés	O
de	O
tons	O
violents	O
,	O
de	O
bleus	O
,	O
de	O
jaunes	O
,	O
de	O
violets	O
,	O
d’	O
un	O
charme	O
barbare	O
.	O
	
Les	O
matins	O
où	O
elle	O
pinçait	O
Marjolin	S-PER
,	O
où	O
elle	O
le	O
taquinait	O
à	O
le	O
faire	O
pleurer	O
,	O
elle	O
avait	O
des	O
bouquets	O
féroces	O
,	O
des	O
bouquets	O
de	O
fille	O
en	O
colère	O
,	O
aux	O
parfums	O
rudes	O
,	O
aux	O
couleurs	O
irritées	O
.	O
	
D’	O
autres	O
matins	O
,	O
quand	O
elle	O
était	O
attendrie	O
par	O
quelque	O
peine	O
ou	O
par	O
quelque	O
joie	O
,	O
elle	O
trouvait	O
des	O
bouquets	O
d’	O
un	O
gris	O
d’	O
argent	O
,	O
très	O
doux	O
,	O
voilés	O
,	O
d’	O
une	O
odeur	O
discrète	O
.	O
	
Puis	O
,	O
c’	O
étaient	O
des	O
roses	O
,	O
saignantes	O
comme	O
des	O
cœurs	O
ouverts	O
,	O
dans	O
des	O
lacs	O
d’	O
œillets	O
blancs	O
;	O
des	O
glaïeuls	O
fauves	O
,	O
montant	O
en	O
panaches	O
de	O
flammes	O
parmi	O
des	O
verdures	O
effarées	O
;	O
des	O
tapisseries	O
de	O
Smyrne	S-LOC
,	O
aux	O
dessins	O
compliqués	O
,	O
faites	O
fleur	O
à	O
fleur	O
,	O
ainsi	O
que	O
sur	O
un	O
canevas	O
;	O
des	O
éventails	O
moirés	O
,	O
s’	O
élargissant	O
avec	O
des	O
douceurs	O
de	O
dentelle	O
;	O
des	O
puretés	O
adorables	O
,	O
des	O
tailles	O
épaissies	O
,	O
des	O
rêves	O
à	O
mettre	O
dans	O
les	O
mains	O
des	O
harengères	O
ou	O
des	O
marquises	O
,	O
des	O
maladresses	O
de	O
vierge	O
et	O
des	O
ardeurs	O
sensuelles	O
de	O
fille	O
,	O
toute	O
la	O
fantaisie	O
exquise	O
d’	O
une	O
gamine	O
de	O
douze	O
ans	O
,	O
dans	O
laquelle	O
la	O
femme	O
s’éveillait	O
.	O
	
Cadine	S-PER
n’	O
avait	O
plus	O
que	O
deux	O
respects	O
:	O
le	O
respect	O
du	O
lilas	O
blanc	O
,	O
dont	O
la	O
botte	O
de	O
huit	O
à	O
dix	O
branches	O
coûte	O
,	O
l’	O
hiver	O
,	O
de	O
quinze	O
à	O
vingt	O
francs	O
;	O
et	O
le	O
respect	O
des	O
camélias	O
,	O
plus	O
chers	O
encore	O
,	O
qui	O
arrivent	O
par	O
douzaines	O
,	O
dans	O
des	O
boîtes	O
,	O
couchés	O
sur	O
un	O
lit	O
de	O
mousse	O
,	O
recouverts	O
d’	O
une	O
feuille	O
d’	O
ouate	O
.	O
	
Elle	O
les	O
prenait	O
,	O
comme	O
elle	O
aurait	O
pris	O
des	O
bijoux	O
,	O
délicatement	O
,	O
sans	O
respirer	O
,	O
de	O
peur	O
de	O
les	O
gâter	O
d’	O
un	O
souffle	O
;	O
	
puis	O
,	O
c’	O
était	O
avec	O
des	O
précautions	O
infinies	O
qu’	O
elle	O
attachait	O
sur	O
des	O
brins	O
de	O
jonc	O
leurs	O
queues	O
courtes	O
.	O
	
Elle	O
parlait	O
d’	O
eux	O
sérieusement	O
.	O
	
Elle	O
disait	O
à	O
Marjolin	S-PER
qu’	O
un	O
beau	O
camélia	O
blanc	O
,	O
sans	O
piqûre	O
de	O
rouille	O
,	O
était	O
une	O
chose	O
rare	O
,	O
tout	O
à	O
fait	O
belle	O
.	O
	
Comme	O
elle	O
lui	O
en	O
faisait	O
admirer	O
un	O
,	O
il	O
s’	O
écria	O
,	O
un	O
jour	O
:	O
	
–	O
	
Oui	O
,	O
c’	O
est	O
gentil	O
,	O
mais	O
j’	O
aime	O
mieux	O
le	O
dessous	O
de	O
ton	O
menton	O
,	O
là	O
,	O
à	O
cette	O
place	O
;	O
	
c’	O
est	O
joliment	O
plus	O
doux	O
et	O
plus	O
transparent	O
que	O
ton	O
camélia	O
…	O
	
Il	O
y	O
a	O
des	O
petites	O
veines	O
bleues	O
et	O
roses	O
qui	O
ressemblent	O
à	O
des	O
veines	O
de	O
fleur	O
.	O
	
Il	O
la	O
caressait	O
du	O
bout	O
des	O
doigts	O
;	O
	
puis	O
il	O
approcha	O
le	O
nez	O
,	O
murmurant	O
:	O
	
–	O
Tiens	O
,	O
tu	O
sens	O
l’	O
oranger	O
,	O
aujourd’hui	O
.	O
	
Cadine	S-PER
avait	O
un	O
très	O
mauvais	O
caractère	O
.	O
	
Elle	O
ne	O
s’	O
accommodait	O
pas	O
du	O
rôle	O
de	O
servante	O
.	O
	
Aussi	O
finit	O
-elle	O
par	O
s’	O
établir	O
pour	O
son	O
compte	O
.	O
	
Comme	O
elle	O
était	O
alors	O
âgée	O
de	O
treize	O
ans	O
,	O
et	O
qu’	O
elle	O
ne	O
pouvait	O
rêver	O
le	O
grand	O
commerce	O
,	O
un	O
banc	O
de	O
vente	O
de	O
l’	O
allée	O
aux	O
fleurs	O
,	O
elle	O
vendit	O
des	O
bouquets	O
de	O
violettes	O
d’	O
un	O
sou	O
,	O
piqués	O
dans	O
un	O
lit	O
de	O
mousse	O
,	O
sur	O
un	O
éventaire	O
d’	O
osier	O
pendu	O
à	O
son	O
cou	O
.	O
	
Elle	O
rôdait	O
toute	O
la	O
journée	O
dans	O
les	S-LOC
Halles	O
,	O
autour	O
des	S-LOC
Halles	O
,	O
promenant	O
son	O
bout	O
de	O
pelouse	O
.	O
	
C’	O
était	O
là	O
sa	O
joie	O
,	O
cette	O
flânerie	O
continuelle	O
,	O
qui	O
lui	O
dégourdissait	O
les	O
jambes	O
,	O
qui	O
la	O
tirait	O
des	O
longues	O
heures	O
passées	O
à	O
faire	O
des	O
bouquets	O
,	O
les	O
genoux	O
pliés	O
,	O
sur	O
une	O
chaise	O
basse	O
.	O
	
Maintenant	O
,	O
elle	O
tournait	O
ses	O
violettes	O
en	O
marchant	O
,	O
elle	O
les	O
tournait	O
comme	O
des	O
fuseaux	O
,	O
avec	O
une	O
merveilleuse	O
légèreté	O
de	O
doigts	O
;	O
	
elle	O
comptait	O
six	O
à	O
huit	O
fleurs	O
,	O
selon	O
la	O
saison	O
,	O
pliait	O
en	O
deux	O
un	O
brin	O
de	O
jonc	O
,	O
ajoutait	O
une	O
feuille	O
,	O
roulait	O
un	O
fil	O
mouillé	O
;	O
et	O
,	O
entre	O
ses	O
dents	O
de	O
jeune	O
loup	O
,	O
elle	O
cassait	O
le	O
fil	O
.	O
	
Les	O
petits	O
bouquets	O
semblaient	O
pousser	O
tout	O
seuls	O
dans	O
la	O
mousse	O
de	O
l’	O
éventaire	O
,	O
tant	O
elle	O
les	O
y	O
plantait	O
vite	O
.	O
	
Le	O
long	O
des	O
trottoirs	O
,	O
au	O
milieu	O
des	O
coudoiements	O
de	O
la	O
rue	O
,	O
ses	O
doigts	O
rapides	O
fleurissaient	O
,	O
sans	O
qu’	O
elle	O
les	O
regardât	O
,	O
la	O
mine	O
effrontément	O
levée	O
,	O
occupée	O
des	O
boutiques	O
et	O
des	O
passants	O
.	O
	
Puis	O
,	O
elle	O
se	O
reposait	O
un	O
instant	O
dans	O
le	O
creux	O
d’	O
une	O
porte	O
;	O
	
elle	O
mettait	O
au	O
bord	O
des	O
ruisseaux	O
,	O
gras	O
des	O
eaux	O
de	O
vaisselle	O
,	O
un	O
coin	O
de	O
printemps	O
,	O
une	O
lisière	O
de	O
bois	O
aux	O
herbes	O
bleuies	O
.	O
	
Ses	O
bouquets	O
gardaient	O
ses	O
méchantes	O
humeurs	O
et	O
ses	O
attendrissements	O
;	O
	
il	O
y	O
en	O
avait	O
de	O
hérissés	O
,	O
de	O
terribles	O
,	O
qui	O
ne	O
décoléraient	O
pas	O
dans	O
leur	O
cornet	O
chiffonné	O
;	O
	
il	O
y	O
en	O
avait	O
d’	O
autres	O
,	O
paisibles	O
,	O
amoureux	O
,	O
souriant	O
au	O
fond	O
de	O
leur	O
collerette	O
propre	O
.	O
	
Quand	O
elle	O
passait	O
,	O
elle	O
laissait	O
une	O
odeur	O
douce	O
.	O
	
Marjolin	S-PER
la	O
suivait	O
béatement	O
.	O
	
Des	O
pieds	O
à	O
la	O
tête	O
,	O
elle	O
ne	O
sentait	O
plus	O
qu’	O
un	O
parfum	O
.	O
	
Lorsqu’	O
il	O
la	O
prenait	O
,	O
qu’	O
il	O
allait	O
de	O
ses	O
jupes	O
à	O
son	O
corsage	O
,	O
de	O
ses	O
mains	O
à	O
sa	O
face	O
,	O
il	O
disait	O
qu’	O
elle	O
n’	O
était	O
que	O
violette	O
,	O
qu’	O
une	O
grande	O
violette	O
.	O
	
Il	O
enfonçait	O
sa	O
tête	O
,	O
il	O
répétait	O
:	O
	
–	O
	
Tu	O
te	O
rappelles	O
,	O
le	O
jour	O
où	O
nous	O
sommes	O
allés	O
à	O
Romainville	S-LOC
?	O
	
C’	O
est	O
tout	O
à	O
fait	O
ça	O
,	O
là	O
surtout	O
dans	O
ta	O
manche	O
…	O
	
Ne	O
change	O
plus	O
.	O
	
Tu	O
sens	O
trop	O
bon	O
.	O
	
Elle	O
ne	O
changea	O
plus	O
.	O
	
Ce	O
fut	O
son	O
dernier	O
métier	O
.	O
	
Mais	O
les	O
deux	O
enfants	O
grandissaient	O
,	O
souvent	O
elle	O
oubliait	O
son	O
éventaire	O
pour	O
courir	O
le	O
quartier	O
.	O
	
La	O
construction	O
des	O
Halles	S-LOC
centrales	O
fut	O
pour	O
eux	O
un	O
continuel	O
sujet	O
d’	O
escapades	O
.	O
	
Ils	O
pénétraient	O
au	O
beau	O
milieu	O
des	O
chantiers	O
,	O
par	O
quelque	O
fente	O
des	O
clôtures	O
de	O
planches	O
;	O
	
ils	O
descendaient	O
dans	O
les	O
fondations	O
,	O
grimpaient	O
aux	O
premières	O
colonnes	O
de	O
fonte	O
.	O
	
Ce	O
fut	O
alors	O
qu’	O
ils	O
mirent	O
un	O
peu	O
d’	O
eux	O
,	O
de	O
leurs	O
jeux	O
,	O
de	O
leurs	O
batteries	O
,	O
dans	O
chaque	O
trou	O
,	O
dans	O
chaque	O
charpente	O
.	O
	
Les	O
pavillons	O
s’	O
élevèrent	O
sous	O
leurs	O
petites	O
mains	O
.	O
	
De	O
là	O
vinrent	O
les	O
tendresses	O
qu’	O
ils	O
eurent	O
pour	O
les	S-LOC
grandes	O
Halles	O
,	O
et	O
les	O
tendresses	O
que	O
les	S-LOC
grandes	O
Halles	O
leur	O
rendirent	O
.	O
	
Ils	O
étaient	O
familiers	O
avec	O
ce	O
vaisseau	O
gigantesque	O
,	O
en	O
vieux	O
amis	O
qui	O
en	O
avaient	O
vu	O
poser	O
les	O
moindres	O
boulons	O
.	O
	
Ils	O
n’	O
avaient	O
pas	O
peur	O
du	O
monstre	O
,	O
tapaient	O
de	O
leur	O
poing	O
maigre	O
sur	O
son	O
énormité	O
,	O
le	O
traitaient	O
en	O
bon	O
enfant	O
,	O
en	O
camarade	O
avec	O
lequel	O
on	O
ne	O
se	O
gêne	O
pas	O
.	O
	
Et	O
les	S-LOC
Halles	O
semblaient	O
sourire	O
de	O
ces	O
deux	O
gamins	O
qui	O
étaient	O
la	O
chanson	O
libre	O
,	O
l’	O
idylle	O
effrontée	O
de	O
leur	O
ventre	O
géant	O
.	O
	
Cadine	S-PER
et	O
Marjolin	S-PER
ne	O
couchaient	O
plus	O
ensemble	O
,	O
chez	O
la	S-PER
mère	O
Chantemesse	O
,	O
dans	O
la	O
voiture	O
de	O
marchand	O
des	O
quatre-saisons	O
.	O
	
La	O
vieille	O
,	O
qui	O
les	O
entendait	O
toujours	O
bavarder	O
la	O
nuit	O
,	O
fit	O
un	O
lit	O
à	O
part	O
pour	O
le	O
petit	O
,	O
par	O
terre	O
,	O
devant	O
l’	O
armoire	O
;	O
	
mais	O
,	O
le	O
lendemain	O
matin	O
,	O
elle	O
le	O
retrouva	O
au	O
cou	O
de	O
la	O
petite	O
sous	O
la	O
même	O
couverture	O
.	O
	
Alors	O
elle	O
le	O
coucha	O
chez	O
une	O
voisine	O
.	O
	
Cela	O
rendit	O
les	O
enfants	O
très	O
malheureux	O
.	O
	
Dans	O
le	O
jour	O
,	O
quand	O
la	S-PER
mère	O
Chantemesse	O
n’	O
était	O
pas	O
là	O
,	O
ils	O
se	O
prenaient	O
tout	O
habillés	O
entre	O
les	O
bras	O
l’	O
un	O
de	O
l’	O
autre	O
,	O
ils	O
s’	O
allongeaient	O
sur	O
le	O
carreau	O
,	O
comme	O
sur	O
un	O
lit	O
;	O
et	O
cela	O
les	O
amusait	O
beaucoup	O
.	O
	
Plus	O
tard	O
,	O
ils	O
polissonnèrent	O
,	O
ils	O
cherchèrent	O
les	O
coins	O
noirs	O
de	O
la	O
chambre	O
,	O
ils	O
se	O
cachèrent	O
plus	O
souvent	O
au	O
fond	O
des	O
magasins	O
de	O
la	S-LOC
rue	O
au	O
Lard	O
,	O
derrière	O
les	O
tas	O
de	O
pommes	O
et	O
les	O
caisses	O
d’	O
oranges	O
.	O
	
Ils	O
étaient	O
libres	O
et	O
sans	O
honte	O
,	O
comme	O
les	O
moineaux	O
qui	O
s’	O
accouplent	O
au	O
bord	O
d’	O
un	O
toit	O
.	O
	
Ce	O
fut	O
dans	O
la	O
cave	O
du	O
pavillon	O
aux	O
volailles	O
qu’	O
ils	O
trouvèrent	O
moyen	O
de	O
coucher	O
encore	O
ensemble	O
.	O
	
C’	O
était	O
une	O
habitude	O
douce	O
,	O
une	O
sensation	O
de	O
bonne	O
chaleur	O
,	O
une	O
façon	O
de	O
s’	O
endormir	O
l’	O
un	O
contre	O
l’	O
autre	O
,	O
qu’	O
ils	O
ne	O
pouvaient	O
perdre	O
.	O
	
Il	O
y	O
avait	O
là	O
,	O
près	O
des	O
tables	O
d’	O
abattage	O
,	O
de	O
grands	O
paniers	O
de	O
plume	O
dans	O
lesquels	O
ils	O
tenaient	O
à	O
l’	O
aise	O
.	O
	
Dès	O
la	O
nuit	O
tombée	O
,	O
ils	O
descendaient	O
,	O
ils	O
restaient	O
toute	O
la	O
soirée	O
,	O
à	O
se	O
tenir	O
chaud	O
,	O
heureux	O
des	O
mollesses	O
de	O
cette	O
couche	O
,	O
avec	O
du	O
duvet	O
par-dessus	O
les	O
yeux	O
.	O
	
Ils	O
traînaient	O
d’	O
ordinaire	O
leur	O
panier	O
loin	O
du	O
gaz	O
;	O
	
ils	O
étaient	O
seuls	O
,	O
dans	O
les	O
odeurs	O
fortes	O
des	O
volailles	O
,	O
tenus	O
éveillés	O
par	O
de	O
brusques	O
chants	O
de	O
coq	O
qui	O
sortaient	O
de	O
l’	O
ombre	O
.	O
	
Et	O
ils	O
riaient	O
,	O
ils	O
s’	O
embrassaient	O
,	O
pleins	O
d’	O
une	O
amitié	O
vive	O
qu’	O
ils	O
ne	O
savaient	O
comment	O
se	O
témoigner	O
.	O
	
Marjolin	S-PER
était	O
très	O
bête	O
.	O
	
Cadine	S-PER
le	O
battait	O
,	O
prise	O
de	O
colère	O
contre	O
lui	O
,	O
sans	O
savoir	O
pourquoi	O
.	O
	
Elle	O
le	O
dégourdissait	O
par	O
sa	O
crânerie	O
de	O
fille	O
des	O
rues	O
.	O
	
Lentement	O
,	O
dans	O
les	O
paniers	O
de	O
plumes	O
,	O
ils	O
en	O
surent	O
long	O
.	O
	
C’	O
était	O
un	O
jeu	O
.	O
	
Les	O
poules	O
et	O
les	O
coqs	O
qui	O
couchaient	O
à	O
côté	O
d’	O
eux	O
n’	O
avaient	O
pas	O
une	O
plus	O
belle	O
innocence	O
.	O
	
Plus	O
tard	O
,	O
ils	O
emplirent	O
les	S-LOC
grandes	O
Halles	O
de	O
leurs	O
amours	O
de	O
moineaux	O
insouciants	O
.	O
	
Ils	O
vivaient	O
en	O
jeunes	O
bêtes	O
heureuses	O
,	O
abandonnées	O
à	O
l’	O
instinct	O
,	O
satisfaisant	O
leurs	O
appétits	O
au	O
milieu	O
de	O
ces	O
entassements	O
de	O
nourriture	O
,	O
dans	O
lesquels	O
ils	O
avaient	O
poussé	O
comme	O
des	O
plantes	O
tout	O
en	O
chair	O
.	O
	
Cadine	S-PER
,	O
à	O
seize	O
ans	O
,	O
était	O
une	O
fille	O
échappée	O
,	O
une	O
bohémienne	O
noire	O
du	O
pavé	O
,	O
très	O
gourmande	O
,	O
très	O
sensuelle	O
.	O
	
Marjolin	S-PER
,	O
à	O
dix-huit	O
ans	O
,	O
avait	O
l’	O
adolescence	O
déjà	O
ventrue	O
d’	O
un	O
gros	O
homme	O
,	O
l’	O
intelligence	O
nulle	O
,	O
vivant	O
par	O
les	O
sens	O
.	O
	
Elle	O
découchait	O
souvent	O
pour	O
passer	O
la	O
nuit	O
avec	O
lui	O
dans	O
la	O
cave	O
aux	O
volailles	O
;	O
	
elle	O
riait	O
hardiment	O
au	O
nez	O
de	O
la	S-PER
mère	O
Chantemesse	O
,	O
le	O
lendemain	O
,	O
se	O
sauvant	O
sous	O
le	O
balai	O
dont	O
la	O
vieille	O
tapait	O
à	O
tort	O
et	O
à	O
travers	O
dans	O
la	O
chambre	O
,	O
sans	O
jamais	O
atteindre	O
la	O
vaurienne	O
,	O
qui	O
se	O
moquait	O
avec	O
une	O
effronterie	O
rare	O
,	O
disant	O
qu’	O
elle	O
avait	O
veillé	O
«	O
pour	O
voir	O
s’	O
il	O
poussait	O
des	O
cornes	O
à	O
la	O
lune	O
»	O
.	O
	
Lui	O
,	O
vagabondait	O
;	O
	
les	O
nuits	O
où	O
Cadine	S-PER
le	O
laissait	O
seul	O
,	O
il	O
restait	O
avec	O
le	O
planton	O
des	O
forts	O
de	O
garde	O
dans	O
les	O
pavillons	O
;	O
	
il	O
dormait	O
sur	O
des	O
sacs	O
,	O
sur	O
des	O
caisses	O
,	O
au	O
fond	O
du	O
premier	O
coin	O
venu	O
.	O
	
Ils	O
en	O
vinrent	O
tous	O
deux	O
à	O
ne	O
plus	O
quitter	O
les	S-LOC
Halles	O
.	O
	
Ce	O
fut	O
leur	O
volière	O
,	O
leur	O
étable	O
,	O
la	O
mangeoire	O
colossale	O
où	O
ils	O
dormaient	O
,	O
s’	O
aimaient	O
,	O
vivaient	O
,	O
sur	O
un	O
lit	O
immense	O
de	O
viandes	O
,	O
de	O
beurres	O
et	O
de	O
légumes	O
.	O
	
Mais	O
ils	O
eurent	O
toujours	O
une	O
amitié	O
particulière	O
pour	O
les	O
grands	O
paniers	O
de	O
plumes	O
.	O
	
Ils	O
revenaient	O
là	O
,	O
les	O
nuits	O
de	O
tendresse	O
.	O
	
Les	O
plumes	O
n’	O
étaient	O
pas	O
triées	O
.	O
	
Il	O
y	O
avait	O
de	O
longues	O
plumes	O
noires	O
de	O
dinde	O
et	O
des	O
plumes	O
d’	O
oie	O
,	O
blanches	O
et	O
lisses	O
,	O
qui	O
les	O
chatouillaient	O
aux	O
oreilles	O
,	O
quand	O
ils	O
se	O
retournaient	O
;	O
	
puis	O
,	O
c’	O
était	O
du	O
duvet	O
de	O
canard	O
,	O
où	O
ils	O
s’	O
enfonçaient	O
comme	O
dans	O
de	O
l’	O
ouate	O
,	O
des	O
plumes	O
légères	O
de	O
poules	O
,	O
dorées	O
,	O
bigarrées	O
,	O
dont	O
ils	O
faisaient	O
monter	O
un	O
vol	O
à	O
chaque	O
souffle	O
,	O
pareil	O
à	O
un	O
vol	O
de	O
mouches	O
ronflant	O
au	O
soleil	O
.	O
	
En	O
hiver	O
,	O
ils	O
couchaient	O
aussi	O
dans	O
la	O
pourpre	O
des	O
faisans	O
,	O
dans	O
la	O
cendre	O
grise	O
des	O
alouettes	O
,	O
dans	O
la	O
soie	O
mouchetée	O
des	O
perdrix	O
,	O
des	O
cailles	O
et	O
des	O
grives	O
.	O
	
Les	O
plumes	O
étaient	O
vivantes	O
encore	O
,	O
tièdes	O
d’odeur	O
.	O
	
Elles	O
mettaient	O
des	O
frissons	O
d’	O
ailes	O
,	O
des	O
chaleurs	O
de	O
nid	O
,	O
entre	O
leurs	O
lèvres	O
.	O
	
Elles	O
leur	O
semblaient	O
un	O
large	O
dos	O
d’oiseau	O
,	O
sur	O
lequel	O
ils	O
s’	O
allongeaient	O
,	O
et	O
qui	O
les	O
emportait	O
,	O
pâmés	O
aux	O
bras	O
l’	O
un	O
de	O
l’	O
autre	O
.	O
	
Le	O
matin	O
,	O
Marjolin	S-PER
cherchait	O
Cadine	S-PER
,	O
perdue	O
au	O
fond	O
du	O
panier	O
,	O
comme	O
s’	O
il	O
avait	O
neigé	O
sur	O
elle	O
.	O
	
Elle	O
se	O
levait	O
ébouriffée	O
,	O
se	O
secouait	O
,	O
sortait	O
d’	O
un	O
nuage	O
,	O
avec	O
son	O
chignon	O
où	O
restait	O
toujours	O
planté	O
quelque	O
panache	O
de	O
coq	O
.	O
	
Ils	O
trouvèrent	O
un	O
autre	O
lieu	O
de	O
délices	O
,	O
dans	O
le	O
pavillon	O
de	O
la	O
vente	O
en	O
gros	O
des	O
beurres	O
,	O
des	O
œufs	O
et	O
des	O
fromages	O
.	O
	
Il	O
s’	O
entasse	O
là	O
,	O
chaque	O
matin	O
,	O
des	O
murs	O
énormes	O
de	O
paniers	O
vides	O
.	O
	
Tous	O
deux	O
se	O
glissaient	O
,	O
trouaient	O
ce	O
mur	O
,	O
se	O
creusaient	O
une	O
cachette	O
.	O
	
Puis	O
,	O
quand	O
ils	O
avaient	O
pratiqué	O
une	O
chambre	O
dans	O
le	O
tas	O
,	O
ils	O
ramenaient	O
un	O
panier	O
,	O
ils	O
s’	O
enfermaient	O
.	O
	
Alors	O
,	O
ils	O
étaient	O
chez	O
eux	O
,	O
ils	O
avaient	O
une	O
maison	O
.	O
	
Ils	O
s’	O
embrassaient	O
impunément	O
.	O
	
Ce	O
qui	O
les	O
faisait	O
se	O
moquer	O
du	O
monde	O
,	O
c’	O
était	O
que	O
de	O
minces	O
cloisons	O
d’osier	O
les	O
séparaient	O
seules	O
de	O
la	O
foule	O
des	S-LOC
Halles	O
,	O
dont	O
ils	O
entendaient	O
autour	O
d’eux	O
la	O
voix	O
haute	O
.	O
	
Souvent	O
,	O
ils	O
pouffaient	O
de	O
rire	O
,	O
lorsque	O
des	O
gens	O
s’	O
arrêtaient	O
à	O
deux	O
pas	O
,	O
sans	O
les	O
soupçonner	O
là	O
;	O
	
ils	O
ouvraient	O
des	O
meurtrières	O
,	O
hasardaient	O
un	O
œil	O
;	O
	
Cadine	S-PER
,	O
à	O
l’	O
époque	O
des	O
cerises	O
,	O
lançait	O
des	O
noyaux	O
dans	O
le	O
nez	O
de	O
toutes	O
les	O
vieilles	O
femmes	O
qui	O
passaient	O
,	O
ce	O
qui	O
les	O
amusait	O
d’	O
autant	O
plus	O
,	O
que	O
les	O
vieilles	O
,	O
effarées	O
,	O
ne	O
devinaient	O
jamais	O
d’	O
où	O
partait	O
cette	O
grêle	O
de	O
noyaux	O
.	O
	
Ils	O
rôdaient	O
aussi	O
au	O
fond	O
des	O
caves	O
,	O
en	O
connaissaient	O
les	O
trous	O
d’	O
ombre	O
,	O
savaient	O
traverser	O
les	O
grilles	O
les	O
mieux	O
fermées	O
.	O
	
Une	O
de	O
leurs	O
grandes	O
parties	O
était	O
de	O
pénétrer	O
sur	O
la	O
voie	O
du	O
chemin	O
de	O
fer	O
souterrain	O
,	O
établi	O
dans	O
le	O
sous-sol	O
,	O
et	O
que	O
des	O
lignes	O
projetées	O
devaient	O
relier	O
aux	O
différentes	O
gares	O
;	O
des	O
tronçons	O
de	O
cette	O
voie	O
passent	O
sous	O
les	O
rues	O
couvertes	O
,	O
séparant	O
les	O
caves	O
de	O
chaque	O
pavillon	O
;	O
	
même	O
,	O
à	O
tous	O
les	O
carrefours	O
,	O
des	O
plaques	O
tournantes	O
sont	O
posées	O
,	O
prêtes	O
à	O
fonctionner	O
.	O
	
Cadine	S-PER
et	O
Marjolin	S-PER
avaient	O
fini	O
par	O
découvrir	O
,	O
dans	O
la	O
barrière	O
de	O
madriers	O
qui	O
défend	O
la	O
voie	O
,	O
une	O
pièce	O
de	O
bois	O
moins	O
solide	O
qu’	O
ils	O
avaient	O
rendue	O
mobile	O
;	O
	
si	O
bien	O
qu’	O
ils	O
entraient	O
là	O
,	O
tout	O
à	O
l’	O
aise	O
.	O
	
Ils	O
y	O
étaient	O
séparés	O
du	O
monde	O
,	O
avec	O
le	O
continu	O
piétinement	O
de	O
Paris	S-LOC
,	O
en	O
haut	O
,	O
sur	O
le	O
carreau	O
.	O
	
La	O
voie	O
étendait	O
ses	O
avenues	O
,	O
ses	O
galeries	O
désertes	O
,	O
tachées	O
de	O
jour	O
,	O
sous	O
les	O
regards	O
à	O
grilles	O
de	O
fonte	O
;	O
dans	O
les	O
bouts	O
noirs	O
,	O
des	O
gaz	O
brûlaient	O
.	O
	
Ils	O
se	O
promenaient	O
comme	O
au	O
fond	O
d’	O
un	O
château	O
à	O
eux	O
,	O
certains	O
que	O
personne	O
ne	O
les	O
dérangerait	O
,	O
heureux	O
de	O
ce	O
silence	O
bourdonnant	O
,	O
de	O
ces	O
lueurs	O
louches	O
,	O
de	O
cette	O
discrétion	O
de	O
souterrain	O
,	O
où	O
leurs	O
amours	O
d’	O
enfants	O
gouailleurs	O
avaient	O
des	O
frissons	O
de	O
mélodrame	O
.	O
	
Des	O
caves	O
voisines	O
,	O
à	O
travers	O
les	O
madriers	O
,	O
toutes	O
sortes	O
d’odeurs	O
leur	O
arrivaient	O
:	O
la	O
fadeur	O
des	O
légumes	O
,	O
l’	O
âpreté	O
de	O
la	O
marée	O
,	O
la	O
rudesse	O
pestilentielle	O
des	O
fromages	O
,	O
la	O
chaleur	O
vivante	O
des	O
volailles	O
.	O
	
C’	O
étaient	O
de	O
continuels	O
souffles	O
nourrissants	O
qu’	O
ils	O
aspiraient	O
entre	O
leurs	O
baisers	O
,	O
dans	O
l’	O
alcôve	O
d’	O
ombre	O
où	O
ils	O
s’	O
oubliaient	O
,	O
couchés	O
en	O
travers	O
sur	O
les	O
rails	O
.	O
	
Puis	O
,	O
d’	O
autres	O
fois	O
,	O
par	O
les	O
belles	O
nuits	O
,	O
par	O
les	O
aubes	O
claires	O
,	O
ils	O
grimpaient	O
sur	O
les	O
toits	O
,	O
ils	O
montaient	O
l’	O
escalier	O
roide	O
des	O
tourelles	O
,	O
placées	O
aux	O
angles	O
des	O
pavillons	O
.	O
	
En	O
haut	O
,	O
s’	O
élargissaient	O
des	O
champs	O
de	O
zinc	O
,	O
des	O
promenades	O
,	O
des	O
places	O
,	O
toute	O
une	O
campagne	O
accidentée	O
dont	O
ils	O
étaient	O
les	O
maîtres	O
.	O
	
Ils	O
faisaient	O
le	O
tour	O
des	O
toitures	O
carrées	O
des	O
pavillons	O
,	O
suivaient	O
les	O
toitures	O
allongées	O
des	O
rues	O
couvertes	O
,	O
gravissaient	O
et	O
descendaient	O
les	O
pentes	O
,	O
se	O
perdaient	O
dans	O
des	O
voyages	O
sans	O
fin	O
.	O
	
Lorsqu’	O
ils	O
se	O
trouvaient	O
las	O
des	O
terres	O
basses	O
,	O
ils	O
allaient	O
encore	O
plus	O
haut	O
,	O
ils	O
se	O
risquaient	O
le	O
long	O
des	O
échelles	O
de	O
fer	O
,	O
où	O
les	O
jupes	O
de	O
Cadine	S-PER
flottaient	O
comme	O
des	O
drapeaux	O
.	O
	
Alors	O
,	O
ils	O
couraient	O
le	O
second	O
étage	O
de	O
toits	O
,	O
en	O
plein	O
ciel	O
.	O
	
Au-dessus	O
d’	O
eux	O
,	O
il	O
n’	O
y	O
avait	O
plus	O
que	O
les	O
étoiles	O
.	O
	
Des	O
rumeurs	O
s’	O
élevaient	O
du	O
fond	O
des	O
Halles	O
sonores	O
,	O
des	O
bruits	O
roulants	O
,	O
une	O
tempête	O
au	O
loin	O
,	O
entendue	O
la	O
nuit	O
.	O
	
À	O
cette	O
hauteur	O
,	O
le	O
vent	O
matinal	O
balayait	O
les	O
odeurs	O
gâtées	O
,	O
les	O
mauvaises	O
haleines	O
du	O
réveil	O
des	O
marchés	O
.	O
	
Dans	O
le	O
jour	O
levant	O
,	O
au	O
bord	O
des	O
gouttières	O
,	O
ils	O
se	O
becquetaient	O
,	O
ainsi	O
que	O
font	O
des	O
oiseaux	O
,	O
polissonnant	O
sous	O
les	O
tuiles	O
.	O
	
Ils	O
étaient	O
tout	O
roses	O
,	O
aux	O
premières	O
rougeurs	O
du	O
soleil	O
.	O
	
Cadine	S-PER
riait	O
d’	O
être	O
en	O
l’	O
air	O
,	O
la	O
gorge	O
moirée	O
,	O
pareille	O
à	O
celle	O
d’	O
une	O
colombe	O
;	O
	
Marjolin	S-PER
se	O
penchait	O
pour	O
voir	O
les	O
rues	O
encore	O
pleines	O
de	O
ténèbres	O
,	O
les	O
mains	O
serrées	O
au	O
zinc	O
,	O
comme	O
des	O
pattes	O
de	O
ramier	O
.	O
	
Quand	O
ils	O
redescendaient	O
,	O
avec	O
la	O
joie	O
du	O
grand	O
air	O
,	O
souriant	O
en	O
amoureux	O
qui	O
sortent	O
chiffonnés	O
d’	O
une	O
pièce	O
de	O
blé	O
,	O
ils	O
disaient	O
qu’	O
ils	O
revenaient	O
de	O
la	O
campagne	O
.	O
	
Ce	O
fut	O
à	O
la	O
triperie	O
qu’	O
ils	O
firent	O
connaissance	O
de	O
Claude	S-PER
Lantier	O
.	O
	
Ils	O
y	O
allaient	O
chaque	O
jour	O
,	O
avec	O
le	O
goût	O
du	O
sang	O
,	O
avec	O
la	O
cruauté	O
de	O
galopins	O
s’amusant	O
à	O
voir	O
des	O
têtes	O
coupées	O
.	O
	
Autour	O
du	O
pavillon	O
,	O
les	O
ruisseaux	O
coulent	O
rouges	O
;	O
	
ils	O
y	O
trempaient	O
le	O
bout	O
du	O
pied	O
,	O
y	O
poussaient	O
des	O
tas	O
de	O
feuilles	O
qui	O
les	O
barraient	O
,	O
étalant	O
des	O
mares	O
sanglantes	O
.	O
	
L’	O
arrivage	O
des	O
abats	O
dans	O
des	O
carrioles	O
qui	O
puent	O
et	O
qu’	O
on	O
lave	O
à	O
grande	O
eau	O
les	O
intéressait	O
.	O
	
Ils	O
regardaient	O
déballer	O
les	O
paquets	O
de	O
pieds	O
de	O
mouton	O
qu’	O
on	O
empile	O
à	O
terre	O
comme	O
des	O
pavés	O
sales	O
,	O
les	O
grandes	O
langues	O
roidies	O
montrant	O
les	O
déchirements	O
saignants	O
de	O
la	O
gorge	O
,	O
les	O
cœurs	O
de	O
bœuf	O
solides	O
et	O
décrochés	O
comme	O
des	O
cloches	O
muettes	O
.	O
	
Mais	O
ce	O
qui	O
leur	O
donnait	O
surtout	O
un	O
frisson	O
à	O
fleur	O
de	O
peau	O
,	O
c’	O
étaient	O
les	O
grands	O
paniers	O
qui	O
suent	O
le	O
sang	O
,	O
pleins	O
de	O
têtes	O
de	O
moutons	O
,	O
les	O
cornes	O
grasses	O
,	O
le	O
museau	O
noir	O
,	O
laissant	O
pendre	O
encore	O
aux	O
chairs	O
vives	O
des	O
lambeaux	O
de	O
peau	O
laineuse	O
;	O
	
ils	O
rêvaient	O
à	O
quelque	O
guillotine	O
jetant	O
dans	O
ces	O
paniers	O
les	O
têtes	O
de	O
troupeaux	O
interminables	O
.	O
	
Ils	O
les	O
suivaient	O
jusqu’	O
au	O
fond	O
de	O
la	O
cave	O
,	O
le	O
long	O
des	O
rails	O
posés	O
sur	O
les	O
marches	O
de	O
l’	O
escalier	O
,	O
écoutant	O
le	O
cri	O
des	O
roulettes	O
de	O
ces	O
wagons	O
d’	O
osier	O
,	O
qui	O
avaient	O
un	O
sifflement	O
de	O
scie	O
.	O
	
En	O
bas	O
,	O
c’	O
était	O
une	O
horreur	O
exquise	O
.	O
	
Ils	O
entraient	O
dans	O
une	O
odeur	O
de	O
charnier	O
,	O
ils	O
marchaient	O
au	O
milieu	O
de	O
flaques	O
sombres	O
,	O
où	O
semblaient	O
s’	O
allumer	O
par	O
instants	O
des	O
yeux	O
de	O
pourpre	O
;	O
	
leurs	O
semelles	O
se	O
collaient	O
,	O
ils	O
clapotaient	O
,	O
inquiets	O
,	O
ravis	O
de	O
cette	O
boue	O
horrible	O
.	O
	
Les	O
becs	O
de	O
gaz	O
avaient	O
une	O
flamme	O
courte	O
,	O
une	O
paupière	O
sanguinolente	O
qui	O
battait	O
.	O
	
Autour	O
des	O
fontaines	O
,	O
sous	O
le	O
jour	O
pâle	O
des	O
soupiraux	O
,	O
ils	O
s’	O
approchaient	O
des	O
étaux	O
.	O
	
Là	O
,	O
ils	O
jouissaient	O
,	O
à	O
voir	O
les	O
tripiers	O
,	O
le	O
tablier	O
roidi	O
par	O
les	O
éclaboussures	O
,	O
casser	O
une	O
à	O
une	O
les	O
têtes	O
de	O
moutons	O
,	O
d’	O
un	O
coup	O
de	O
maillet	O
.	O
	
Et	O
ils	O
restaient	O
pendant	O
des	O
heures	O
à	O
attendre	O
que	O
les	O
paniers	O
fussent	O
vides	O
,	O
retenus	O
par	O
le	O
craquement	O
des	O
os	O
,	O
voulant	O
voir	O
jusqu’	O
à	O
la	O
fin	O
arracher	O
les	O
langues	O
et	O
dégager	O
les	O
cervelles	O
des	O
éclats	O
des	O
crânes	O
.	O
	
Parfois	O
,	O
un	O
cantonnier	O
passait	O
derrière	O
eux	O
,	O
lavant	O
la	O
cave	O
à	O
la	O
lance	O
;	O
des	O
nappes	O
ruisselaient	O
avec	O
un	O
bruit	O
d’	O
écluse	O
,	O
le	O
jet	O
rude	O
de	O
la	O
lance	O
écorchait	O
les	O
dalles	O
,	O
sans	O
pouvoir	O
emporter	O
la	O
rouille	O
ni	O
la	O
puanteur	O
du	O
sang	O
.	O
	
Vers	O
le	O
soir	O
,	O
entre	O
quatre	O
et	O
cinq	O
heures	O
,	O
Cadine	S-PER
et	O
Marjolin	S-PER
étaient	O
sûrs	O
de	O
rencontrer	O
Claude	S-PER
à	O
la	O
vente	O
en	O
gros	O
des	O
mous	O
de	O
bœuf	O
.	O
	
Il	O
était	O
là	O
,	O
au	O
milieu	O
des	O
voitures	O
des	O
tripiers	O
acculées	O
aux	O
trottoirs	O
,	O
dans	O
la	O
foule	O
des	O
hommes	O
en	O
bourgerons	O
bleus	O
et	O
en	O
tabliers	O
blancs	O
,	O
bousculé	O
,	O
les	O
oreilles	O
cassées	O
par	O
les	O
offres	O
faites	O
à	O
voix	O
haute	O
;	O
	
mais	O
il	O
ne	O
sentait	O
pas	O
même	O
les	O
coups	O
de	O
coude	O
,	O
il	O
demeurait	O
en	O
extase	O
,	O
en	O
face	O
des	O
grands	O
mous	O
pendus	O
aux	O
crocs	O
de	O
la	O
criée	O
.	O
	
Il	O
expliqua	O
souvent	O
à	O
Cadine	S-PER
et	O
à	O
Marjolin	S-PER
que	O
rien	O
n’	O
était	O
plus	O
beau	O
.	O
	
Les	O
mous	O
étaient	O
d’	O
un	O
rose	O
tendre	O
,	O
s’	O
accentuant	O
peu	O
à	O
peu	O
,	O
bordé	O
,	O
en	O
bas	O
,	O
de	O
carmin	O
vif	O
;	O
et	O
il	O
les	O
disait	O
en	O
satin	O
moiré	O
,	O
ne	O
trouvant	O
pas	O
de	O
mot	O
pour	O
peindre	O
cette	O
douceur	O
soyeuse	O
,	O
ces	O
longues	O
allées	O
fraîches	O
,	O
ces	O
chairs	O
légères	O
qui	O
retombaient	O
à	O
larges	O
plis	O
,	O
comme	O
des	O
jupes	O
accrochées	O
de	O
danseuses	O
.	O
	
Il	O
parlait	O
de	O
gaze	O
,	O
de	O
dentelle	O
laissant	O
voir	O
la	O
hanche	O
d’	O
une	O
jolie	O
femme	O
.	O
	
Quand	O
un	O
coup	O
de	O
soleil	O
,	O
tombant	O
sur	O
les	O
grands	O
mous	O
,	O
leur	O
mettait	O
une	O
ceinture	O
d’	O
or	O
,	O
Claude	S-PER
,	O
l’	O
œil	O
pâmé	O
,	O
était	O
plus	O
heureux	O
que	O
s’	O
il	O
eût	O
vu	O
défiler	O
les	O
nudités	O
des	O
déesses	O
grecques	O
et	O
les	O
robes	O
de	O
brocart	O
des	O
châtelaines	O
romantiques	O
.	O
	
Le	O
peintre	O
devint	O
le	O
grand	O
ami	O
des	O
deux	O
gamins	O
.	O
	
Il	O
avait	O
l’	O
amour	O
des	O
belles	O
brutes	O
.	O
	
Il	O
rêva	O
longtemps	O
un	O
tableau	O
colossal	O
,	O
Cadine	S-PER
et	O
Marjolin	S-PER
s’aimant	O
au	O
milieu	O
des	O
Halles	S-LOC
centrales	O
,	O
dans	O
les	O
légumes	O
,	O
dans	O
la	O
marée	O
,	O
dans	O
la	O
viande	O
.	O
	
Il	O
les	O
aurait	O
assis	O
sur	O
leur	O
lit	O
de	O
nourriture	O
,	O
les	O
bras	O
à	O
la	O
taille	O
,	O
échangeant	O
le	O
baiser	O
idyllique	O
.	O
	
Et	O
il	O
voyait	O
là	O
un	O
manifeste	O
artistique	O
,	O
le	O
positivisme	O
de	O
l’	O
art	O
,	O
l’	O
art	O
moderne	O
tout	O
expérimental	O
et	O
tout	O
matérialiste	O
;	O
	
il	O
y	O
voyait	O
encore	O
une	O
satire	O
de	O
la	O
peinture	O
à	O
idées	O
,	O
un	O
soufflet	O
donné	O
aux	O
vieilles	O
écoles	O
.	O
	
Mais	O
pendant	O
près	O
de	O
deux	O
ans	O
,	O
il	O
recommença	O
les	O
esquisses	O
,	O
sans	O
pouvoir	O
trouver	O
la	O
note	O
juste	O
.	O
	
Il	O
creva	O
une	O
quinzaine	O
de	O
toiles	O
.	O
	
Il	O
s’	O
en	O
garda	O
une	O
grande	O
rancune	O
,	O
continuant	O
à	O
vivre	O
avec	O
ses	O
deux	O
modèles	O
,	O
par	O
une	O
sorte	O
d’	O
amour	O
sans	O
espoir	O
pour	O
son	O
tableau	O
manqué	O
.	O
	
Souvent	O
l’	O
après-midi	O
,	O
quand	O
il	O
les	O
rencontrait	O
rôdant	O
,	O
il	O
battait	O
le	S-LOC
quartier	O
des	O
Halles	O
,	O
flânant	O
,	O
les	O
mains	O
au	O
fond	O
des	O
poches	O
,	O
intéressé	O
profondément	O
par	O
la	O
vie	O
des	O
rues	O
.	O
	
Tous	O
trois	O
s’	O
en	O
allaient	O
,	O
traînant	O
les	O
talons	O
sur	O
les	O
trottoirs	O
,	O
tenant	O
la	O
largeur	O
,	O
forçant	O
les	O
gens	O
à	O
descendre	O
.	O
	
Ils	O
humaient	O
les	O
odeurs	O
de	O
Paris	S-LOC
,	O
le	O
nez	O
en	O
l’	O
air	O
.	O
	
Ils	O
auraient	O
reconnu	O
chaque	O
coin	O
,	O
les	O
yeux	O
fermés	O
rien	O
qu’	O
aux	O
haleines	O
liquoreuses	O
sortant	O
des	O
marchands	O
de	O
vin	O
,	O
aux	O
souffles	O
chauds	O
des	O
boulangeries	O
et	O
des	O
pâtisseries	O
,	O
aux	O
étalages	O
fades	O
des	O
fruitières	O
.	O
	
C’	O
étaient	O
de	O
grandes	O
tournées	O
.	O
	
Ils	O
se	O
plaisaient	O
à	O
traverser	O
la	O
rotonde	O
de	O
la	S-LOC
Halle	O
au	O
blé	O
,	O
l’	O
énorme	O
et	O
lourde	O
cage	O
de	O
pierre	O
,	O
au	O
milieu	O
des	O
empilements	O
de	O
sacs	O
blancs	O
de	O
farine	O
,	O
écoutant	O
le	O
bruit	O
de	O
leurs	O
pas	O
dans	O
le	O
silence	O
de	O
la	O
voûte	O
sonore	O
.	O
	
Ils	O
aimaient	O
les	O
bouts	O
de	O
rue	O
voisins	O
,	O
devenus	O
déserts	O
,	O
noirs	O
et	O
tristes	O
comme	O
un	O
coin	O
de	O
ville	O
abandonné	O
,	O
la	S-LOC
rue	O
Babille	O
,	O
la	S-LOC
rue	O
Sauval	O
,	O
la	S-LOC
rue	O
des	O
Deux-Écus	O
,	O
la	S-LOC
rue	O
de	O
Viarmes	O
,	O
blême	O
du	O
voisinage	O
des	O
meuniers	O
,	O
et	O
où	O
grouille	O
à	O
quatre	O
heures	O
la	O
bourse	O
aux	O
grains	O
.	O
	
D’	O
ordinaire	O
,	O
ils	O
partaient	O
de	O
là	O
.	O
	
Lentement	O
,	O
ils	O
suivaient	O
la	S-LOC
rue	O
Vauvilliers	O
,	O
s’	O
arrêtant	O
aux	O
carreaux	O
des	O
gargotes	O
louches	O
,	O
se	O
montrant	O
du	O
coin	O
de	O
l’	O
œil	O
,	O
avec	O
des	O
rires	O
,	O
le	O
gros	O
numéro	O
jaune	O
d’	O
une	O
maison	O
aux	O
persiennes	O
fermées	O
.	O
	
Dans	O
l’	O
étranglement	O
de	O
la	S-LOC
rue	O
des	O
Prouvaires	O
,	O
Claude	S-PER
clignait	O
les	O
yeux	O
,	O
regardait	O
,	O
en	O
face	O
,	O
au	O
bout	O
de	O
la	O
rue	O
couverte	O
,	O
encadré	O
sous	O
ce	O
vaisseau	O
immense	O
de	O
gare	O
moderne	O
,	O
un	O
portail	O
latéral	O
de	O
Saint-Eustache	S-LOC
,	O
avec	O
sa	O
rosace	O
et	O
ses	O
deux	O
étages	O
de	O
fenêtres	O
à	O
plein	O
cintre	O
;	O
	
