L’automne	O
était	O
venu	O
.	O
	
Les	O
Du	B-PER
Roy	E-PER
avaient	O
passé	O
à	O
Paris	S-LOC
tout	O
l’	O
été	O
,	O
menant	O
une	O
campagne	O
énergique	O
dans	O
la	B-MISC
Vie	I-MISC
Française	E-MISC
en	O
faveur	O
du	O
nouveau	O
cabinet	O
pendant	O
les	O
courtes	O
vacances	O
des	O
députés	O
.	O
	
Quoiqu’on	O
fût	O
seulement	O
dans	O
les	O
premiers	O
jours	O
d’	O
octobre	O
,	O
les	B-MISC
Chambres	E-MISC
allaient	O
reprendre	O
leurs	O
séances	O
,	O
car	O
les	O
affaires	O
du	O
Maroc	S-LOC
devenaient	O
menaçantes	O
.	O
	
Personne	O
,	O
au	O
fond	O
,	O
ne	O
croyait	O
à	O
une	O
expédition	O
vers	O
Tanger	S-LOC
,	O
bien	O
que	O
,	O
le	O
jour	O
de	O
la	O
séparation	O
du	O
Parlement	O
,	O
un	O
député	O
de	O
la	O
droite	O
,	O
le	B-PER
comte	I-PER
de	I-PER
Lambert-Sarrazin	E-PER
,	O
dans	O
un	O
discours	O
plein	O
d’	O
esprit	O
,	O
applaudi	O
même	O
par	O
les	O
centres	O
,	O
eût	O
offert	O
de	O
parier	O
et	O
de	O
donner	O
en	O
gage	O
sa	O
moustache	O
,	O
comme	O
avait	O
fait	O
jadis	O
un	O
célèbre	O
vice-roi	O
des	B-LOC
Indes	E-LOC
,	O
contre	O
les	O
favoris	O
du	O
chef	O
du	O
Conseil	O
,	O
que	O
le	O
nouveau	O
cabinet	O
ne	O
se	O
pourrait	O
tenir	O
d’imiter	O
l’	O
ancien	O
et	O
d’	O
envoyer	O
une	O
armée	O
à	O
Tanger	S-LOC
,	O
en	O
pendant	O
à	O
celle	O
de	O
Tunis	S-LOC
,	O
par	O
amour	O
de	O
la	O
symétrie	O
,	O
comme	O
on	O
met	O
deux	O
vases	O
sur	O
une	O
cheminée	O
.	O
	
Il	O
avait	O
ajouté	O
:	O
«	O
La	O
terre	O
d’	O
Afrique	S-LOC
est	O
en	O
effet	O
une	O
cheminée	O
pour	O
la	B-LOC
France	E-LOC
,	O
messieurs	O
,	O
une	O
cheminée	O
qui	O
brûle	O
notre	O
meilleur	O
bois	O
,	O
une	O
cheminée	O
à	O
grand	O
tirage	O
qu’	O
on	O
allume	O
avec	O
le	O
papier	O
de	O
la	B-MISC
Banque	E-MISC
.	O
	
«	O
Vous	O
vous	O
êtes	O
offert	O
la	O
fantaisie	O
artiste	O
d’	O
orner	O
l’	O
angle	O
de	O
gauche	O
d’	O
un	O
bibelot	O
tunisien	O
qui	O
vous	O
coûte	O
cher	O
,	O
vous	O
verrez	O
que	O
M.	B-PER
Marrot	E-PER
va	O
vouloir	O
imiter	O
son	O
prédécesseur	O
et	O
orner	O
l’	O
angle	O
de	O
droite	O
avec	O
un	O
bibelot	O
marocain	O
.	O
	
»	O
	
Ce	O
discours	O
,	O
demeuré	O
célèbre	O
,	O
avait	O
servi	O
de	O
thème	O
à	O
Du	B-PER
Roy	E-PER
pour	O
dix	O
articles	O
sur	O
la	O
colonie	O
algérienne	O
,	O
pour	O
toute	O
sa	O
série	O
interrompue	O
lors	O
de	O
ses	O
débuts	O
au	O
journal	O
,	O
et	O
il	O
avait	O
soutenu	O
énergiquement	O
l’	O
idée	O
d’	O
une	O
expédition	O
militaire	O
,	O
bien	O
qu’	O
il	O
fût	O
convaincu	O
qu’	O
elle	O
n’	O
aurait	O
pas	O
lieu	O
.	O
	
Il	O
avait	O
fait	O
vibrer	O
la	O
corde	O
patriotique	O
et	O
bombardé	O
l’	B-LOC
Espagne	E-LOC
avec	O
tout	O
l’	O
arsenal	O
d’	O
arguments	O
méprisants	O
qu’	O
on	O
emploie	O
contre	O
les	O
peuples	O
dont	O
les	O
intérêts	O
sont	O
contraires	O
aux	O
vôtres	O
.	O
	
La	B-MISC
Vie	I-MISC
Française	E-MISC
avait	O
gagné	O
une	O
importance	O
considérable	O
à	O
ses	O
attaches	O
connues	O
avec	O
le	B-MISC
Pouvoir	E-MISC
.	O
	
Elle	O
donnait	O
,	O
avant	O
les	O
feuilles	O
les	O
plus	O
sérieuses	O
,	O
les	O
nouvelles	O
politiques	O
,	O
indiquait	O
par	O
des	O
nuances	O
les	O
intentions	O
des	O
ministres	O
ses	O
amis	O
;	O
et	O
tous	O
les	O
journaux	O
de	O
Paris	S-LOC
et	O
de	O
la	O
province	O
cherchaient	O
chez	O
elle	O
leurs	O
informations	O
.	O
	
On	O
la	O
citait	O
,	O
on	O
la	O
redoutait	O
,	O
on	O
commençait	O
à	O
la	O
respecter	O
.	O
	
Ce	O
n’	O
était	O
plus	O
l’	O
organe	O
suspect	O
d’	O
un	O
groupe	O
de	O
tripoteurs	O
politiques	O
,	O
mais	O
l’	O
organe	O
avoué	O
du	O
cabinet	O
.	O
	
Laroche-Mathieu	S-PER
était	O
l’	O
âme	O
du	O
journal	O
et	O
Du	B-PER
Roy	E-PER
son	O
porte-voix	O
.	O
	
Le	B-PER
père	I-PER
Walter	E-PER
,	O
député	O
muet	O
et	O
directeur	O
cauteleux	O
,	O
sachant	O
s’	O
effacer	O
,	O
s’	O
occupait	O
dans	O
l’	O
ombre	O
,	O
disait	O
-on	O
,	O
d’	O
une	O
grosse	O
affaire	O
de	O
mines	O
de	O
cuivre	O
,	O
au	B-LOC
Maroc	E-LOC
.	O
	
Le	O
salon	O
de	O
Madeleine	S-PER
était	O
devenu	O
un	O
centre	O
influent	O
,	O
où	O
se	O
réunissaient	O
chaque	O
semaine	O
plusieurs	O
membres	O
du	O
cabinet	O
.	O
	
Le	B-PER
président	I-PER
du	I-PER
Conseil	E-PER
avait	O
même	O
dîné	O
deux	O
fois	O
chez	O
elle	O
;	O
et	O
les	O
femmes	O
des	O
hommes	O
d’	O
État	O
,	O
qui	O
hésitaient	O
autrefois	O
à	O
franchir	O
sa	O
porte	O
,	O
se	O
vantaient	O
à	O
présent	O
d’	O
être	O
ses	O
amies	O
,	O
lui	O
faisant	O
plus	O
de	O
visites	O
qu’	O
elles	O
n’	O
en	O
recevaient	O
d’	O
elle	O
.	O
	
Le	O
ministre	O
des	O
affaires	O
étrangères	O
régnait	O
presque	O
en	O
maître	O
dans	O
la	O
maison	O
.	O
	
Il	O
y	O
venait	O
à	O
toute	O
heure	O
,	O
apportant	O
des	O
dépêches	O
,	O
des	O
renseignements	O
,	O
des	O
informations	O
qu’	O
il	O
dictait	O
soit	O
au	O
mari	O
,	O
soit	O
à	O
la	O
femme	O
,	O
comme	O
s’	O
ils	O
eussent	O
été	O
ses	O
secrétaires	O
.	O
	
Quand	O
Du	B-PER
Roy	E-PER
,	O
après	O
le	O
départ	O
du	O
ministre	O
,	O
demeurait	O
seul	O
en	O
face	O
de	O
Madeleine	S-PER
,	O
il	O
s’	O
emportait	O
,	O
avec	O
des	O
menaces	O
dans	O
la	O
voix	O
et	O
des	O
insinuations	O
perfides	O
dans	O
les	O
paroles	O
,	O
contre	O
les	O
allures	O
de	O
ce	O
médiocre	O
parvenu	O
.	O
	
Mais	O
elle	O
haussait	O
les	O
épaules	O
avec	O
mépris	O
,	O
répétant	O
:	O
	
—	O
	
Fais	O
-en	O
autant	O
que	O
lui	O
,	O
toi	O
.	O
	
Deviens	O
ministre	O
;	O
et	O
tu	O
pourras	O
faire	O
ta	O
tête	O
.	O
	
Jusque	O
-là	O
,	O
tais	O
-toi	O
.	O
	
Il	O
frisait	O
sa	O
moustache	O
en	O
la	O
regardant	O
de	O
côté	O
.	O
	
—	O
	
On	O
ne	O
sait	O
pas	O
de	O
quoi	O
je	O
suis	O
capable	O
,	O
disait	O
-il	O
,	O
on	O
l’	O
apprendra	O
peut-être	O
,	O
un	O
jour	O
.	O
	
Elle	O
répondait	O
avec	O
philosophie	O
:	O
	
—	O
	
Qui	O
vivra	O
,	O
verra	O
.	O
	
Le	O
matin	O
de	O
la	O
rentrée	O
des	B-MISC
Chambres	E-MISC
,	O
la	O
jeune	O
femme	O
,	O
encore	O
au	O
lit	O
,	O
faisait	O
mille	O
recommandations	O
à	O
son	O
mari	O
,	O
qui	O
s’	O
habillait	O
afin	O
d’	O
aller	O
déjeuner	O
chez	O
M.	B-PER
Laroche-Mathieu	E-PER
et	O
de	O
recevoir	O
ses	O
instructions	O
avant	O
la	O
séance	O
,	O
pour	O
l’	O
article	O
politique	O
du	O
lendemain	O
dans	O
la	B-MISC
Vie	I-MISC
Française	E-MISC
,	O
cet	O
article	O
devant	O
être	O
une	O
sorte	O
de	O
déclaration	O
officieuse	O
des	O
projets	O
réels	O
du	O
cabinet	O
.	O
	
Madeleine	S-PER
disait	O
:	O
	
—	O
	
Surtout	O
n’	O
oublie	O
pas	O
de	O
lui	O
demander	O
si	O
le	B-PER
général	I-PER
Belloncle	E-PER
est	O
envoyé	O
à	O
Oran	S-LOC
,	O
comme	O
il	O
en	O
était	O
question	O
.	O
	
Cela	O
aurait	O
une	O
grande	O
signification	O
.	O
	
Georges	S-PER
,	O
nerveux	O
,	O
répondit	O
:	O
	
—	O
	
Mais	O
je	O
sais	O
aussi	O
bien	O
que	O
toi	O
ce	O
que	O
j’	O
ai	O
à	O
faire	O
.	O
	
Fiche-moi	O
la	O
paix	O
avec	O
tes	O
rabâchages	O
.	O
	
Elle	O
reprit	O
tranquillement	O
:	O
	
—	O
	
Mon	O
cher	O
,	O
tu	O
oublies	O
toujours	O
la	O
moitié	O
des	O
commissions	O
dont	O
je	O
te	O
charge	O
pour	O
le	O
ministre	O
.	O
	
Il	O
grogna	O
:	O
	
—	O
	
Il	O
m’embête	O
,	O
ton	O
ministre	O
,	O
à	O
la	O
fin	O
!	O
	
C’	O
est	O
un	O
serin	O
.	O
	
Elle	O
dit	O
avec	O
calme	O
:	O
	
—	O
	
Ce	O
n’	O
est	O
pas	O
plus	O
mon	O
ministre	O
que	O
le	O
tien	O
.	O
	
Il	O
t’	O
est	O
plus	O
utile	O
qu’	O
à	O
moi.	O
	
Il	O
s’	O
était	O
tourné	O
un	O
peu	O
vers	O
elle	O
en	O
ricanant	O
:	O
	
—	O
Pardon	O
,	O
il	O
ne	O
me	O
fait	O
pas	O
la	O
cour	O
,	O
à	O
moi	O
.	O
	
Elle	O
déclara	O
,	O
lentement	O
:	O
	
—	O
	
À	O
moi	O
non	O
plus	O
,	O
d’	O
ailleurs	O
;	O
	
mais	O
il	O
fait	O
notre	O
fortune	O
.	O
	
Il	O
se	O
tut	O
,	O
puis	O
,	O
après	O
quelques	O
instants	O
:	O
	
—	O
	
Si	O
j’	O
avais	O
à	O
choisir	O
parmi	O
tes	O
adorateurs	O
,	O
j’	O
aimerais	O
encore	O
mieux	O
cette	O
vieille	O
ganache	O
de	O
Vaudrec	S-PER
.	O
	
Qu’	O
est	O
-ce	O
qu’	O
il	O
devient	O
,	O
celui-là	O
?	O
	
je	O
ne	O
l’	O
ai	O
pas	O
vu	O
depuis	O
huit	O
jours	O
.	O
	
Elle	O
répliqua	O
,	O
sans	O
s’	O
émouvoir	O
:	O
	
—	O
	
Il	O
est	O
souffrant	O
,	O
il	O
m’	O
a	O
écrit	O
qu’	O
il	O
gardait	O
même	O
le	O
lit	O
avec	O
une	O
attaque	O
de	O
goutte	O
.	O
	
Tu	O
devrais	O
passer	O
prendre	O
de	O
ses	O
nouvelles	O
.	O
	
Tu	O
sais	O
qu’	O
il	O
t’aime	O
beaucoup	O
,	O
et	O
cela	O
lui	O
ferait	O
plaisir	O
.	O
	
Georges	S-PER
répondit	O
:	O
	
—	O
	
Oui	O
,	O
certainement	O
,	O
j’irai	O
tantôt	O
.	O
	
Il	O
avait	O
achevé	O
sa	O
toilette	O
,	O
et	O
,	O
son	O
chapeau	O
sur	O
la	O
tête	O
,	O
il	O
cherchait	O
s’	O
il	O
n’	O
avait	O
rien	O
négligé	O
.	O
	
N’	O
ayant	O
rien	O
trouvé	O
,	O
il	O
s’	O
approcha	O
du	O
lit	O
,	O
embrassa	O
sa	O
femme	O
sur	O
le	O
front	O
:	O
	
—	O
	
À	O
tantôt	O
,	O
ma	O
chérie	O
,	O
je	O
ne	O
serai	O
pas	O
rentré	O
avant	O
sept	O
heures	O
au	O
plus	O
tôt	O
.	O
	
Et	O
il	O
sortit	O
.	O
	
M	B-PER
.	E-PER
	
Laroche-Mathieu	S-PER
l’	O
attendait	O
,	O
car	O
il	O
déjeunait	O
à	O
dix	O
heures	O
ce	O
jour	O
-là	O
,	O
le	O
conseil	O
devant	O
se	O
réunir	O
à	O
midi	O
,	O
avant	O
la	O
réouverture	O
du	B-MISC
Parlement	E-MISC
.	O
	
Dès	O
qu’	O
ils	O
furent	O
à	O
table	O
,	O
seuls	O
avec	O
le	O
secrétaire	O
particulier	O
du	O
ministre	O
,	O
Mme	B-PER
Laroche-Mathieu	E-PER
n’	O
ayant	O
pas	O
voulu	O
changer	O
l’	O
heure	O
de	O
son	O
repas	O
,	O
Du	B-PER
Roy	E-PER
parla	O
de	O
son	O
article	O
,	O
il	O
en	O
indiqua	O
la	O
ligne	O
,	O
consultant	O
ses	O
notes	O
griffonnées	O
sur	O
des	O
cartes	O
de	O
visite	O
;	O
	
puis	O
quand	O
il	O
eut	O
fini	O
:	O
	
—	O
Voyez	O
-vous	O
quelque	O
chose	O
à	O
modifier	O
,	O
mon	O
cher	O
ministre	O
?	O
	
—	O
Fort	O
peu	O
,	O
mon	O
cher	O
ami	O
.	O
	
Vous	O
êtes	O
peut-être	O
un	O
peu	O
trop	O
affirmatif	O
dans	O
l’	O
affaire	O
du	B-LOC
Maroc	E-LOC
.	O
	
Parlez	O
de	O
l’	O
expédition	O
comme	O
si	O
elle	O
devait	O
avoir	O
lieu	O
,	O
mais	O
en	O
laissant	O
bien	O
entendre	O
qu’	O
elle	O
n’	O
aura	O
pas	O
lieu	O
et	O
que	O
vous	O
n’	O
y	O
croyez	O
pas	O
le	O
moins	O
du	O
monde	O
.	O
	
Faites	O
que	O
le	O
public	O
lise	O
bien	O
entre	O
les	O
lignes	O
que	O
nous	O
n’irons	O
pas	O
nous	O
fourrer	O
dans	O
cette	O
aventure	O
.	O
	
—	O
Parfaitement	O
.	O
	
J’	O
ai	O
compris	O
,	O
et	O
je	O
me	O
ferai	O
bien	O
comprendre	O
.	O
	
Ma	O
femme	O
m’	O
a	O
chargé	O
de	O
vous	O
demander	O
à	O
ce	O
sujet	O
si	O
le	B-PER
général	I-PER
Belloncle	E-PER
serait	O
envoyé	O
à	O
Oran	S-LOC
.	O
	
Après	O
ce	O
que	O
vous	O
venez	O
de	O
dire	O
,	O
je	O
conclus	O
que	O
non	O
.	O
	
L’homme	O
d’	O
État	S-MISC
répondit	O
:	O
	
—	O
Non.	O
	
Puis	O
on	O
causa	O
de	O
la	O
session	O
qui	O
s’	O
ouvrait	O
.	O
	
Laroche-Mathieu	S-PER
se	O
mit	O
à	O
pérorer	O
,	O
préparant	O
l’	O
effet	O
des	O
phrases	O
qu’	O
il	O
allait	O
répandre	O
sur	O
ses	O
collègues	O
quelques	O
heures	O
plus	O
tard	O
.	O
	
Il	O
agitait	O
sa	O
main	O
droite	O
,	O
levant	O
en	O
l’air	O
tantôt	O
sa	O
fourchette	O
,	O
tantôt	O
son	O
couteau	O
,	O
tantôt	O
une	O
bouchée	O
de	O
pain	O
,	O
et	O
sans	O
regarder	O
personne	O
,	O
s’adressant	O
à	O
l’	B-MISC
Assemblée	E-MISC
invisible	O
,	O
il	O
expectorait	O
son	O
éloquence	O
liquoreuse	O
de	O
beau	O
garçon	O
bien	O
coiffé	O
.	O
	
Une	O
très	O
petite	O
moustache	O
roulée	O
redressait	O
sur	O
sa	O
lèvre	O
deux	O
pointes	O
pareilles	O
à	O
des	O
queues	O
de	O
scorpion	O
,	O
et	O
ses	O
cheveux	O
huilés	O
de	O
brillantine	O
,	O
séparés	O
au	O
milieu	O
du	O
front	O
,	O
arrondissaient	O
sur	O
ses	O
tempes	O
deux	O
bandeaux	O
de	O
bellâtre	O
provincial	O
.	O
	
Il	O
était	O
un	O
peu	O
trop	O
gras	O
,	O
un	O
peu	O
bouffi	O
,	O
bien	O
que	O
jeune	O
;	O
	
le	O
ventre	O
tendait	O
son	O
gilet	O
.	O
	
Le	O
secrétaire	O
particulier	O
mangeait	O
et	O
buvait	O
tranquillement	O
,	O
accoutumé	O
sans	O
doute	O
à	O
ses	O
douches	O
de	O
faconde	O
;	O
	
mais	O
Du	B-PER
Roy	E-PER
,	O
que	O
la	O
jalousie	O
du	O
succès	O
obtenu	O
mordait	O
au	O
cœur	O
,	O
songeait	O
:	O
«	O
Va	O
donc	O
,	O
ganache	O
!	O
	
Quels	O
crétins	O
que	O
ces	O
hommes	O
politiques	O
!	O
	
»	O
	
Et	O
,	O
comparant	O
sa	O
valeur	O
à	O
lui	O
,	O
à	O
l’	O
importance	O
bavarde	O
de	O
ce	O
ministre	O
,	O
il	O
se	O
disait	O
:	O
«	O
Cristi	S-PER
,	O
si	O
j’	O
avais	O
seulement	O
cent	O
mille	O
francs	O
nets	O
pour	O
me	O
présenter	O
à	O
la	O
députation	O
dans	O
mon	O
beau	O
pays	O
de	O
Rouen	S-LOC
,	O
pour	O
rouler	O
dans	O
la	O
pâte	O
de	O
leur	O
grosse	O
malice	O
mes	O
braves	O
Normands	O
finauds	O
et	O
lourdauds	O
,	O
quel	O
homme	O
d’	O
État	O
je	O
ferais	O
,	O
à	O
côté	O
de	O
ces	O
polissons	O
imprévoyants	O
.	O
	
»	O
	
Jusqu’au	O
café	O
,	O
M.	B-PER
Laroche-Mathieu	E-PER
parla	O
,	O
puis	O
,	O
ayant	O
vu	O
qu’	O
il	O
était	O
tard	O
,	O
il	O
sonna	O
pour	O
qu’	O
on	O
fît	O
avancer	O
son	O
coupé	O
,	O
et	O
,	O
tendant	O
la	O
main	O
au	O
journaliste	O
:	O
	
—	O
	
C’	O
est	O
bien	O
compris	O
,	O
mon	O
cher	O
ami	O
?	O
	
—	O
Parfaitement	O
,	O
mon	O
cher	O
ministre	O
,	O
comptez	O
sur	O
moi	O
.	O
	
Et	O
Du	B-PER
Roy	E-PER
s’en	O
alla	O
tout	O
doucement	O
vers	O
le	O
journal	O
,	O
pour	O
commencer	O
son	O
article	O
,	O
car	O
il	O
n’	O
avait	O
rien	O
à	O
faire	O
jusqu’	O
à	O
quatre	O
heures	O
.	O
	
À	O
quatre	O
heures	O
,	O
il	O
devait	O
retrouver	O
,	O
rue	B-LOC
de	I-LOC
Constantinople	E-LOC
,	O
Mme	B-PER
de	I-PER
Marelle	E-PER
qu’	O
il	O
y	O
voyait	O
régulièrement	O
deux	O
fois	O
par	O
semaine	O
,	O
le	O
lundi	O
et	O
le	O
vendredi	O
.	O
	
Mais	O
en	O
rentrant	O
à	O
la	O
rédaction	O
,	O
on	O
lui	O
remit	O
une	O
dépêche	O
fermée	O
;	O
	
elle	O
était	O
de	O
Mme	B-PER
Walter	E-PER
et	O
disait	O
:	O
	
«	O
Il	O
faut	O
absolument	O
que	O
je	O
te	O
parle	O
aujourd’hui	O
.	O
	
C’	O
est	O
très	O
grave	O
,	O
très	O
grave	O
.	O
	
Attends-moi	O
à	O
deux	O
heures	O
rue	B-LOC
de	I-LOC
Constantinople	E-LOC
.	O
	
Je	O
peux	O
te	O
rendre	O
un	O
grand	O
service	O
.	O
	
«	O
Ton	O
amie	O
jusqu’	O
à	O
la	O
mort	O
,	O
«	O
Virginie	S-PER
.	O
	
»	O
	
Il	O
jura	O
:	O
«	O
Nom	O
de	O
Dieu	S-PER
!	O
quel	O
crampon	O
.	O
	
»	O
Et	O
,	O
saisi	O
par	O
un	O
excès	O
de	O
mauvaise	O
humeur	O
,	O
il	O
ressortit	O
aussitôt	O
,	O
trop	O
irrité	O
pour	O
travailler	O
.	O
	
Depuis	O
six	O
semaines	O
il	O
essayait	O
de	O
rompre	O
avec	O
elle	O
sans	O
parvenir	O
à	O
lasser	O
son	O
attachement	O
acharné	O
.	O
	
Elle	O
avait	O
eu	O
,	O
après	O
sa	O
chute	O
,	O
un	O
accès	O
de	O
remords	O
épouvantable	O
,	O
et	O
,	O
dans	O
trois	O
rendez	O
-vous	O
successifs	O
,	O
avait	O
accablé	O
son	O
amant	O
de	O
reproches	O
et	O
de	O
malédictions	O
.	O
	
Ennuyé	O
de	O
ces	O
scènes	O
,	O
et	O
déjà	O
rassasié	O
de	O
cette	O
femme	O
mûre	O
et	O
dramatique	O
,	O
il	O
s’	O
était	O
simplement	O
éloigné	O
,	O
espérant	O
que	O
l’	O
aventure	O
serait	O
finie	O
de	O
cette	O
façon	O
.	O
	
Mais	O
alors	O
elle	O
s’	O
était	O
accrochée	O
à	O
lui	O
éperdument	O
,	O
se	O
jetant	O
dans	O
cet	O
amour	O
comme	O
on	O
se	O
jette	O
dans	O
une	O
rivière	O
avec	O
une	O
pierre	O
au	O
cou	O
.	O
	
Il	O
s’	O
était	O
laissé	O
reprendre	O
,	O
par	O
faiblesse	O
,	O
par	O
complaisance	O
,	O
par	O
égards	O
;	O
et	O
elle	O
l’	O
avait	O
emprisonné	O
dans	O
une	O
passion	O
effrénée	O
et	O
fatigante	O
,	O
elle	O
l’	O
avait	O
persécuté	O
de	O
sa	O
tendresse	O
.	O
	
Elle	O
voulait	O
le	O
voir	O
tous	O
les	O
jours	O
,	O
l’	O
appelait	O
à	O
tout	O
moment	O
par	O
des	O
télégrammes	O
,	O
pour	O
des	O
rencontres	O
rapides	O
au	O
coin	O
des	O
rues	O
,	O
dans	O
un	O
magasin	O
,	O
dans	O
un	O
jardin	O
public	O
.	O
	
Elle	O
lui	O
répétait	O
alors	O
,	O
en	O
quelques	O
phrases	O
,	O
toujours	O
les	O
mêmes	O
,	O
qu’	O
elle	O
l’	O
adorait	O
et	O
l’	O
idolâtrait	O
,	O
puis	O
elle	O
le	O
quittait	O
en	O
lui	O
jurant	O
«	O
qu’	O
elle	O
était	O
bien	O
heureuse	O
de	O
l’	O
avoir	O
vu.	O
»	O
	
Elle	O
se	O
montrait	O
tout	O
autre	O
qu’	O
il	O
ne	O
l’	O
avait	O
rêvée	O
,	O
essayant	O
de	O
le	O
séduire	O
avec	O
des	O
grâces	O
puériles	O
,	O
des	O
enfantillages	O
d’	O
amour	O
ridicules	O
à	O
son	O
âge	O
.	O
	
Étant	O
demeurée	O
jusque	O
-là	O
strictement	O
honnête	O
,	O
vierge	O
de	O
cœur	O
,	O
fermée	O
à	O
tout	O
sentiment	O
,	O
ignorante	O
de	O
toute	O
sensualité	O
,	O
ça	O
avait	O
été	O
tout	O
d’	O
un	O
coup	O
chez	O
cette	O
femme	O
sage	O
dont	O
la	O
quarantaine	O
tranquille	O
semblait	O
un	O
automne	O
pâle	O
après	O
un	O
été	O
froid	O
,	O
ça	O
avait	O
été	O
une	O
sorte	O
de	O
printemps	O
fané	O
,	O
plein	O
de	O
petites	O
fleurs	O
mal	O
sorties	O
et	O
de	O
bourgeons	O
avortés	O
,	O
une	O
étrange	O
éclosion	O
d’	O
amour	O
de	O
fillette	O
,	O
d’	O
amour	O
tardif	O
,	O
ardent	O
et	O
naïf	O
,	O
fait	O
d’	O
élans	O
imprévus	O
,	O
de	O
petits	O
cris	O
de	O
seize	O
ans	O
,	O
de	O
cajoleries	O
embarrassantes	O
,	O
de	O
grâces	O
vieillies	O
sans	O
avoir	O
été	O
jeunes	O
.	O
	
Elle	O
écrivait	O
dix	O
lettres	O
en	O
un	O
jour	O
,	O
des	O
lettres	O
niaisement	O
folles	O
,	O
d’	O
un	O
style	O
bizarre	O
,	O
poétique	O
et	O
risible	O
,	O
orné	O
comme	O
celui	O
des	B-MISC
Indiens	E-MISC
,	O
plein	O
de	O
noms	O
de	O
bêtes	O
et	O
d’oiseaux	O
.	O
	
Dès	O
qu’	O
ils	O
étaient	O
seuls	O
elle	O
l’	O
embrassait	O
avec	O
des	O
gentillesses	O
lourdes	O
de	O
grosse	O
gamine	O
,	O
des	O
moues	O
de	O
lèvres	O
un	O
peu	O
grotesques	O
,	O
des	O
sauteries	O
qui	O
secouaient	O
sa	O
poitrine	O
trop	O
pesante	O
sous	O
l’	O
étoffe	O
du	O
corsage	O
.	O
	
Il	O
était	O
surtout	O
écœuré	O
de	O
l’	O
entendre	O
dire	O
«	O
Mon	O
rat	O
»	O
,	O
«	O
Mon	O
chien	O
»	O
,	O
«	O
Mon	O
chat	O
»	O
,	O
«	O
Mon	O
bijou	O
»	O
,	O
«	O
Mon	O
oiseau	O
bleu	O
»	O
,	O
«	O
Mon	O
trésor	O
»	O
,	O
et	O
de	O
la	O
voir	O
s’	O
offrir	O
à	O
lui	O
chaque	O
fois	O
avec	O
une	O
petite	O
comédie	O
de	O
pudeur	O
enfantine	O
,	O
de	O
petits	O
mouvements	O
de	O
crainte	O
qu’	O
elle	O
jugeait	O
gentils	O
et	O
de	O
petits	O
jeux	O
de	O
pensionnaire	O
dépravée	O
.	O
	
Elle	O
demandait	O
:	O
«	O
À	O
qui	O
cette	O
bouche	O
-là	O
?	O
	
»	O
Et	O
quand	O
il	O
ne	O
répondait	O
pas	O
tout	O
de	O
suite	O
:	O
«	O
C’	O
est	O
à	O
moi	O
»	O
,	O
elle	O
insistait	O
jusqu’	O
à	O
le	O
faire	O
pâlir	O
d’	O
énervement	O
.	O
	
Elle	O
aurait	O
dû	O
sentir	O
,	O
lui	O
semblait	O
-il	O
,	O
qu’	O
il	O
faut	O
,	O
en	O
amour	O
,	O
un	O
tact	O
,	O
une	O
adresse	O
,	O
une	O
prudence	O
et	O
une	O
justesse	O
extrêmes	O
;	O
que	O
s’	O
étant	O
donnée	O
à	O
lui	O
,	O
elle	O
,	O
mûre	O
,	O
mère	O
de	O
famille	O
,	O
femme	O
du	O
monde	O
,	O
elle	O
devait	O
se	O
livrer	O
gravement	O
,	O
avec	O
une	O
sorte	O
d’	O
emportement	O
contenu	O
,	O
sévère	O
,	O
avec	O
des	O
larmes	O
peut-être	O
,	O
mais	O
avec	O
les	O
larmes	O
de	O
Didon	S-PER
,	O
non	O
plus	O
avec	O
celles	O
de	O
Juliette	S-PER
.	O
	
Elle	O
lui	O
répétait	O
sans	O
cesse	O
:	O
	
—	O
	
Comme	O
je	O
t’aime	O
,	O
mon	O
petit	O
!	O
	
M’aimes	O
-tu	O
autant	O
,	O
dis	O
,	O
mon	O
bébé	O
?	O
	
Il	O
ne	O
pouvait	O
plus	O
l’	O
entendre	O
prononcer	O
«	O
mon	O
petit	O
»	O
ni	O
«	O
mon	O
bébé	O
»	O
sans	O
avoir	O
envie	O
de	O
l’	O
appeler	O
«	O
ma	O
vieille	O
»	O
.	O
	
Elle	O
lui	O
disait	O
:	O
	
—	O
	
Quelle	O
folie	O
j’	O
ai	O
faite	O
de	O
te	O
céder	O
.	O
	
Mais	O
je	O
ne	O
le	O
regrette	O
pas	O
.	O
	
C’	O
est	O
si	O
bon	O
d’	O
aimer	O
!	O
	
Tout	O
cela	O
semblait	O
à	O
Georges	S-PER
irritant	O
dans	O
cette	O
bouche	O
.	O
	
Elle	O
murmurait	O
:	O
«	O
C’	O
est	O
si	O
bon	O
d’	O
aimer	O
»	O
comme	O
l’	O
aurait	O
fait	O
une	O
ingénue	O
,	O
au	O
théâtre	O
.	O
	
Et	O
puis	O
elle	O
l’	O
exaspérait	O
par	O
la	O
maladresse	O
de	O
sa	O
caresse	O
.	O
	
Devenue	O
soudain	O
sensuelle	O
sous	O
le	O
baiser	O
de	O
ce	O
beau	O
garçon	O
qui	O
avait	O
si	O
fort	O
allumé	O
son	O
sang	O
,	O
elle	O
apportait	O
dans	O
son	O
étreinte	O
une	O
ardeur	O
inhabile	O
et	O
une	O
application	O
sérieuse	O
qui	O
donnaient	O
à	O
rire	O
à	O
Du	B-PER
Roy	E-PER
et	O
le	O
faisaient	O
songer	O
aux	O
vieillards	O
qui	O
essaient	O
d’	O
apprendre	O
à	O
lire	O
.	O
	
Et	O
quand	O
elle	O
aurait	O
dû	O
le	O
meurtrir	O
dans	O
ses	O
bras	O
,	O
en	O
le	O
regardant	O
ardemment	O
de	O
cet	O
œil	O
profond	O
et	O
terrible	O
qu’	O
ont	O
certaines	O
femmes	O
défraîchies	O
,	O
superbes	O
en	O
leur	O
dernier	O
amour	O
,	O
quand	O
elle	O
aurait	O
dû	O
le	O
mordre	O
de	O
sa	O
bouche	O
muette	O
et	O
frissonnante	O
en	O
l’	O
écrasant	O
sous	O
sa	O
chair	O
épaisse	O
et	O
chaude	O
,	O
fatiguée	O
mais	O
insatiable	O
,	O
elle	O
se	O
trémoussait	O
comme	O
une	O
gamine	O
et	O
zézayait	O
pour	O
être	O
gracieuse	O
:	O
«	O
T’aime	O
tant	O
,	O
mon	O
petit	O
.	O
	
T’aime	O
tant	O
.	O
	
Fais	O
un	O
beau	O
m’	O
amour	O
à	O
ta	O
petite	O
femme	O
!	O
	
»	O
	
Il	O
avait	O
alors	O
une	O
envie	O
folle	O
de	O
jurer	O
,	O
de	O
prendre	O
son	O
chapeau	O
et	O
de	O
partir	O
en	O
tapant	O
la	O
porte	O
.	O
	
Ils	O
s’	O
étaient	O
vus	O
souvent	O
,	O
dans	O
les	O
premiers	O
temps	O
,	O
rue	B-LOC
de	I-LOC
Constantinople	E-LOC
,	O
mais	O
Du	B-PER
Roy	E-PER
,	O
qui	O
redoutait	O
une	O
rencontre	O
avec	O
Mme	B-PER
de	I-PER
Marelle	E-PER
,	O
trouvait	O
mille	O
prétextes	O
maintenant	O
pour	O
se	O
refuser	O
à	O
ces	O
rendez-vous	O
.	O
	
Il	O
avait	O
dû	O
alors	O
venir	O
presque	O
tous	O
les	O
jours	O
chez	O
elle	O
,	O
tantôt	O
déjeuner	O
,	O
tantôt	O
dîner	O
.	O
	
Elle	O
lui	O
serrait	O
la	O
main	O
sous	O
la	O
table	O
,	O
lui	O
tendait	O
sa	O
bouche	O
derrière	O
les	O
portes	O
.	O
	
Mais	O
lui	O
s’amusait	O
surtout	O
à	O
jouer	O
avec	O
Suzanne	S-PER
qui	O
l’	O
égayait	O
par	O
ses	O
drôleries	O
.	O
	
Dans	O
son	O
corps	O
de	O
poupée	O
s’	O
agitait	O
un	O
esprit	O
agile	O
et	O
malin	O
,	O
imprévu	O
et	O
sournois	O
,	O
qui	O
faisait	O
toujours	O
la	O
parade	O
comme	O
une	O
marionnette	O
de	O
foire	O
.	O
	
Elle	O
se	O
moquait	O
de	O
tout	O
et	O
de	O
tout	O
le	O
monde	O
,	O
avec	O
un	O
à-propos	O
mordant	O
.	O
	
Georges	S-PER
excitait	O
sa	O
verve	O
,	O
la	O
poussait	O
à	O
l’	O
ironie	O
,	O
et	O
ils	O
s’	O
entendaient	O
à	O
merveille	O
.	O
	
Elle	O
l’	O
appelait	O
à	O
tout	O
instant	O
:	O
«	O
Écoutez	O
,	O
Bel-Ami	S-PER
.	O
	
Venez	O
ici	O
,	O
Bel-Ami	S-PER
.	O
	
»	O
	
Il	O
quittait	O
aussitôt	O
la	O
maman	O
pour	O
courir	O
à	O
la	O
fillette	O
qui	O
lui	O
murmurait	O
quelque	O
méchanceté	O
dans	O
l’	O
oreille	O
,	O
et	O
ils	O
riaient	O
de	O
tout	O
leur	O
cœur	O
.	O
	
Cependant	O
,	O
dégoûté	O
de	O
l’	O
amour	O
de	O
la	O
mère	O
,	O
il	O
en	O
arrivait	O
à	O
une	O
insurmontable	O
répugnance	O
;	O
	
il	O
ne	O
pouvait	O
plus	O
la	O
voir	O
,	O
ni	O
l’	O
entendre	O
,	O
ni	O
penser	O
à	O
elle	O
sans	O
colère	O
.	O
	
Il	O
cessa	O
donc	O
d’	O
aller	O
chez	O
elle	O
,	O
de	O
répondre	O
à	O
ses	O
lettres	O
et	O
de	O
céder	O
à	O
ses	O
appels	O
.	O
	
Elle	O
comprit	O
enfin	O
qu’	O
il	O
ne	O
l’	O
aimait	O
plus	O
,	O
et	O
souffrit	O
horriblement	O
.	O
	
Mais	O
elle	O
s’	O
acharna	O
,	O
elle	O
l’	O
épia	O
,	O
le	O
suivit	O
,	O
l’	O
attendit	O
dans	O
un	O
fiacre	O
aux	O
stores	O
baissés	O
,	O
à	O
la	O
porte	O
du	O
journal	O
,	O
à	O
la	O
porte	O
de	O
sa	O
maison	O
,	O
dans	O
les	O
rues	O
où	O
elle	O
espérait	O
qu’	O
il	O
passerait	O
.	O
	
Il	O
avait	O
envie	O
de	O
la	O
maltraiter	O
,	O
de	O
l’	O
injurier	O
,	O
de	O
la	O
frapper	O
,	O
de	O
lui	O
dire	O
nettement	O
:	O
«	O
Zut	O
,	O
j’	O
en	O
ai	O
assez	O
,	O
vous	O
m’embêtez	O
.	O
	
»	O
Mais	O
il	O
gardait	O
toujours	O
quelques	O
ménagements	O
,	O
à	O
cause	O
de	O
la	B-MISC
Vie	I-MISC
Française	E-MISC
;	O
et	O
il	O
tâchait	O
,	O
à	O
force	O
de	O
froideur	O
,	O
de	O
duretés	O
enveloppées	O
d’	O
égards	O
et	O
même	O
de	O
paroles	O
rudes	O
par	O
moments	O
,	O
de	O
lui	O
faire	O
comprendre	O
qu’	O
il	O
fallait	O
bien	O
que	O
cela	O
finît	O
.	O
	
Elle	O
s’	O
entêtait	O
surtout	O
à	O
chercher	O
des	O
ruses	O
pour	O
l’	O
attirer	O
rue	B-LOC
de	I-LOC
Constantinople	E-LOC
,	O
et	O
il	O
tremblait	O
sans	O
cesse	O
que	O
les	O
deux	O
femmes	O
ne	O
se	O
trouvassent	O
,	O
un	O
jour	O
,	O
nez	O
à	O
nez	O
,	O
à	O
la	O
porte	O
.	O
	
Son	O
affection	O
pour	O
Mme	B-PER
de	I-PER
Marelle	E-PER
,	O
au	O
contraire	O
,	O
avait	O
grandi	O
pendant	O
l’	O
été	O
.	O
	
Il	O
l’	O
appelait	O
son	O
«	O
gamin	O
»	O
,	O
et	O
décidément	O
elle	O
lui	O
plaisait	O
.	O
	
Leurs	O
deux	O
natures	O
avaient	O
des	O
crochets	O
pareils	O
;	O
	
ils	O
étaient	O
bien	O
,	O
l’	O
un	O
et	O
l’	O
autre	O
,	O
de	O
la	O
race	O
aventureuse	O
des	O
vagabonds	O
de	O
la	O
vie	O
,	O
de	O
ces	O
vagabonds	O
mondains	O
qui	O
ressemblent	O
fort	O
,	O
sans	O
s’	O
en	O
douter	O
,	O
aux	O
bohèmes	O
des	O
grandes	O
routes	O
.	O
	
Ils	O
avaient	O
eu	O
un	O
été	O
d’	O
amour	O
charmant	O
,	O
un	O
été	O
d’	O
étudiants	O
qui	O
font	O
la	O
noce	O
,	O
s’	O
échappant	O
pour	O
aller	O
déjeuner	O
ou	O
dîner	O
à	O
Argenteuil	S-LOC
,	O
à	O
Bougival	S-LOC
,	O
à	O
Maisons	S-LOC
,	O
à	O
Poissy	S-LOC
,	O
passant	O
des	O
heures	O
dans	O
un	O
bateau	O
à	O
cueillir	O
des	O
fleurs	O
le	O
long	O
des	O
berges	O
.	O
	
Elle	O
adorait	O
les	O
fritures	O
de	O
Seine	S-LOC
,	O
les	O
gibelottes	O
et	O
les	O
matelotes	O
,	O
les	O
tonnelles	O
des	O
cabarets	O
et	O
les	O
cris	O
des	O
canotiers	O
.	O
	
Il	O
aimait	O
partir	O
avec	O
elle	O
,	O
par	O
un	O
jour	O
clair	O
,	O
sur	O
l’	O
impériale	O
d’	O
un	O
train	O
de	O
banlieue	O
et	O
traverser	O
,	O
en	O
disant	O
des	O
bêtises	O
gaies	O
,	O
la	O
vilaine	O
campagne	O
de	O
Paris	S-LOC
où	O
bourgeonnent	O
d’	O
affreux	O
chalets	O
bourgeois	O
.	O
	
Et	O
quand	O
il	O
lui	O
fallait	O
rentrer	O
pour	O
dîner	O
chez	O
Mme	B-PER
Walter	E-PER
,	O
il	O
haïssait	O
la	O
vieille	O
maîtresse	O
acharnée	O
,	O
en	O
souvenir	O
de	O
la	O
jeune	O
qu’	O
il	O
venait	O
de	O
quitter	O
,	O
et	O
qui	O
avait	O
défloré	O
ses	O
désirs	O
et	O
moissonné	O
son	O
ardeur	O
dans	O
les	O
herbes	O
du	O
bord	O
de	O
l’	O
eau	O
.	O
	
Il	O
se	O
croyait	O
enfin	O
à	O
peu	O
près	O
délivré	O
de	O
la	O
Patronne	O
,	O
à	O
qui	O
il	O
avait	O
exprimé	O
d’	O
une	O
façon	O
claire	O
,	O
presque	O
brutale	O
,	O
sa	O
résolution	O
de	O
rompre	O
,	O
quand	O
il	O
reçut	O
au	O
journal	O
le	O
télégramme	O
l’	O
appelant	O
,	O
à	O
deux	O
heures	O
,	O
rue	B-LOC
de	I-LOC
Constantinople	E-LOC
.	O
	
Il	O
le	O
relisait	O
en	O
marchant	O
:	O
«	O
Il	O
faut	O
absolument	O
que	O
je	O
te	O
parle	O
aujourd’hui	O
.	O
	
C’	O
est	O
très	O
grave	O
,	O
très	O
grave	O
.	O
	
Attends-moi	O
à	O
deux	O
heures	O
rue	B-LOC
de	I-LOC
Constantinople	E-LOC
.	O
	
Je	O
peux	O
te	O
rendre	O
un	O
grand	O
service	O
.	O
	
Ton	O
amie	O
jusqu’	O
à	O
la	O
mort	O
.	O
	
—	O
Virginie	S-PER
.	O
	
»	O
	
Il	O
pensait	O
:	O
«	O
Qu’	O
est	O
-ce	O
qu’	O
elle	O
me	O
veut	O
encore	O
,	O
cette	O
vieille	O
chouette	O
?	O
	
Je	O
parie	O
qu’	O
elle	O
n’	O
a	O
rien	O
à	O
me	O
dire	O
.	O
	
Elle	O
va	O
me	O
répéter	O
qu’	O
elle	O
m’adore	O
.	O
	
Pourtant	O
il	O
faut	O
voir	O
.	O
	
Elle	O
parle	O
d’	O
une	O
chose	O
très	O
grave	O
et	O
d’	O
un	O
grand	O
service	O
,	O
c’	O
est	O
peut-être	O
vrai	O
.	O
	
Et	O
Clotilde	S-PER
qui	O
vient	O
à	O
quatre	O
heures	O
.	O
	
Il	O
faut	O
que	O
j’	O
expédie	O
la	O
première	O
à	O
trois	O
heures	O
au	O
plus	O
tard	O
.	O
	
Sacristi	O
!	O
pourvu	O
qu’	O
elles	O
ne	O
se	O
rencontrent	O
pas	O
.	O
	
Quelles	O
rosses	O
que	O
les	O
femmes	O
!	O
	
»	O
	
Et	O
il	O
songea	O
qu’	O
en	O
effet	O
la	O
sienne	O
était	O
la	O
seule	O
qui	O
ne	O
le	O
tourmentait	O
jamais	O
.	O
	
Elle	O
vivait	O
de	O
son	O
côté	O
,	O
et	O
elle	O
avait	O
l’	O
air	O
de	O
l’	O
aimer	O
beaucoup	O
,	O
aux	O
heures	O
destinées	O
à	O
l’	O
amour	O
,	O
car	O
elle	O
n’	O
admettait	O
pas	O
qu’	O
on	O
dérangeât	O
l’	O
ordre	O
immuable	O
des	O
occupations	O
ordinaires	O
de	O
la	O
vie	O
.	O
	
Il	O
allait	O
,	O
à	O
pas	O
lents	O
,	O
vers	O
son	O
logis	O
de	O
rendez	O
-vous	O
,	O
s’	O
excitant	O
mentalement	O
contre	O
la	B-MISC
Patronne	E-MISC
:	O
«	O
Ah	O
!	O
	
je	O
vais	O
la	O
recevoir	O
d’	O
une	O
jolie	O
façon	O
si	O
elle	O
n’	O
a	O
rien	O
à	O
me	O
dire	O
.	O
	
Le	O
français	O
de	O
Cambronne	S-PER
sera	O
académique	O
auprès	O
du	O
mien	O
.	O
	
Je	O
lui	O
déclare	O
que	O
je	O
ne	O
fiche	O
plus	O
les	O
pieds	O
chez	O
elle	O
,	O
d’	O
abord	O
.	O
	
»	O
	
Et	O
il	O
entra	O
pour	O
attendre	O
Mme	B-PER
Walter	E-PER
.	O
	
Elle	O
arriva	O
presque	O
aussitôt	O
,	O
et	O
dès	O
qu’	O
elle	O
l’	O
eut	O
aperçu	O
:	O
	
—	O
Ah	O
!	O
tu	O
as	O
reçu	O
ma	O
dépêche	O
!	O
	
Quelle	O
chance	O
!	O
	
Il	O
avait	O
pris	O
un	O
visage	O
méchant	O
:	O
	
—	O
Parbleu	O
,	O
je	O
l’	O
ai	O
trouvée	O
au	O
journal	O
,	O
au	O
moment	O
où	O
je	O
partais	O
pour	O
la	B-MISC
Chambre	E-MISC
.	O
	
Qu’	O
est	O
-ce	O
que	O
tu	O
me	O
veux	O
encore	O
?	O
	
Elle	O
avait	O
relevé	O
sa	O
voilette	O
pour	O
l’	O
embrasser	O
,	O
et	O
elle	O
s’	O
approchait	O
avec	O
un	O
air	O
craintif	O
et	O
soumis	O
de	O
chienne	O
souvent	O
battue	O
.	O
	
