PREMIÈRE	O
PARTIE	O
.	O
	
I	O
	
Quand	O
la	O
caissière	O
lui	O
eut	O
rendu	O
la	O
monnaie	O
de	O
sa	O
pièce	O
de	O
cent	O
sous	O
,	O
Georges	B-PER
Duroy	E-PER
sortit	O
du	O
restaurant	O
.	O
	
Comme	O
il	O
portait	O
beau	O
,	O
par	O
nature	O
et	O
par	O
pose	O
d’	O
ancien	O
sous-officier	O
,	O
il	O
cambra	O
sa	O
taille	O
,	O
frisa	O
sa	O
moustache	O
d’	O
un	O
geste	O
militaire	O
et	O
familier	O
,	O
et	O
jeta	O
sur	O
les	O
dîneurs	O
attardés	O
un	O
regard	O
rapide	O
et	O
circulaire	O
,	O
un	O
de	O
ces	O
regards	O
de	O
joli	O
garçon	O
,	O
qui	O
s’	O
étendent	O
comme	O
des	O
coups	O
d’	O
épervier	O
.	O
	
Les	O
femmes	O
avaient	O
levé	O
la	O
tête	O
vers	O
lui	O
,	O
trois	O
petites	O
ouvrières	O
,	O
une	O
maîtresse	O
de	O
musique	O
entre	O
deux	O
âges	O
,	O
mal	O
peignée	O
,	O
négligée	O
,	O
coiffée	O
d’	O
un	O
chapeau	O
toujours	O
poussiéreux	O
et	O
vêtue	O
d’	O
une	O
robe	O
toujours	O
de	O
travers	O
,	O
et	O
deux	O
bourgeoises	O
avec	O
leurs	O
maris	O
,	O
habituées	O
de	O
cette	O
gargote	O
à	O
prix	O
fixe	O
.	O
	
Lorsqu’il	O
fut	O
sur	O
le	O
trottoir	O
,	O
il	O
demeura	O
un	O
instant	O
immobile	O
,	O
se	O
demandant	O
ce	O
qu’	O
il	O
allait	O
faire	O
.	O
	
On	O
était	O
au	O
28	O
juin	O
,	O
et	O
il	O
lui	O
restait	O
juste	O
en	O
poche	O
trois	O
francs	O
quarante	O
pour	O
finir	O
le	O
mois	O
.	O
	
Cela	O
représentait	O
deux	O
dîners	O
sans	O
déjeuners	O
,	O
ou	O
deux	O
déjeuners	O
sans	O
dîners	O
,	O
au	O
choix	O
.	O
	
Il	O
réfléchit	O
que	O
les	O
repas	O
du	O
matin	O
étant	O
de	O
vingt-deux	O
sous	O
,	O
au	O
lieu	O
de	O
trente	O
que	O
coûtaient	O
ceux	O
du	O
soir	O
,	O
il	O
lui	O
resterait	O
,	O
en	O
se	O
contentant	O
des	O
déjeuners	O
,	O
un	O
franc	O
vingt	O
centimes	O
de	O
boni	O
,	O
ce	O
qui	O
représentait	O
encore	O
deux	O
collations	O
au	O
pain	O
et	O
au	O
saucisson	O
,	O
plus	O
deux	O
bocks	O
sur	O
le	O
boulevard	O
.	O
	
C’	O
était	O
là	O
sa	O
grande	O
dépense	O
et	O
son	O
grand	O
plaisir	O
des	O
nuits	O
;	O
et	O
il	O
se	O
mit	O
à	O
descendre	O
la	B-LOC
rue	I-LOC
Notre-Dame-de-Lorette	E-LOC
.	O
	
Il	O
marchait	O
ainsi	O
qu’	O
au	O
temps	O
où	O
il	O
portait	O
l’	O
uniforme	O
des	O
hussards	O
,	O
la	O
poitrine	O
bombée	O
,	O
les	O
jambes	O
un	O
peu	O
entr’ouvertes	O
comme	O
s’	O
il	O
venait	O
de	O
descendre	O
de	O
cheval	O
;	O
	
et	O
il	O
avançait	O
brutalement	O
dans	O
la	O
rue	O
pleine	O
de	O
monde	O
,	O
heurtant	O
les	O
épaules	O
,	O
poussant	O
les	O
gens	O
pour	O
ne	O
point	O
se	O
déranger	O
de	O
sa	O
route	O
.	O
	
Il	O
inclinait	O
légèrement	O
sur	O
l’	O
oreille	O
son	O
chapeau	O
à	O
haute	O
forme	O
assez	O
défraîchi	O
,	O
et	O
battait	O
le	O
pavé	O
de	O
son	O
talon	O
.	O
	
Il	O
avait	O
l’	O
air	O
de	O
toujours	O
défier	O
quelqu’un	O
,	O
les	O
passants	O
,	O
les	O
maisons	O
,	O
la	O
ville	O
entière	O
,	O
par	O
chic	O
de	O
beau	O
soldat	O
tombé	O
dans	O
le	O
civil	O
.	O
	
Quoique	O
habillé	O
d’	O
un	O
complet	O
de	O
soixante	O
francs	O
,	O
il	O
gardait	O
une	O
certaine	O
élégance	O
tapageuse	O
,	O
un	O
peu	O
commune	O
,	O
réelle	O
cependant	O
.	O
	
Grand	O
,	O
bien	O
fait	O
,	O
blond	O
,	O
d’	O
un	O
blond	O
châtain	O
vaguement	O
roussi	O
,	O
avec	O
une	O
moustache	O
retroussée	O
,	O
qui	O
semblait	O
mousser	O
sur	O
sa	O
lèvre	O
,	O
des	O
yeux	O
bleus	O
,	O
clairs	O
,	O
troués	O
d’	O
une	O
pupille	O
toute	O
petite	O
,	O
des	O
cheveux	O
frisés	O
naturellement	O
,	O
séparés	O
par	O
une	O
raie	O
au	O
milieu	O
du	O
crâne	O
,	O
il	O
ressemblait	O
bien	O
au	O
mauvais	O
sujet	O
des	O
romans	O
populaires	O
.	O
	
C’	O
était	O
une	O
de	O
ces	O
soirées	O
d’	O
été	O
où	O
l’	O
air	O
manque	O
dans	O
Paris	S-LOC
.	O
	
La	O
ville	O
,	O
chaude	O
comme	O
une	O
étuve	O
,	O
paraissait	O
suer	O
dans	O
la	O
nuit	O
étouffante	O
.	O
	
Les	O
égouts	O
soufflaient	O
par	O
leurs	O
bouches	O
de	O
granit	O
leurs	O
haleines	O
empestées	O
,	O
et	O
les	O
cuisines	O
souterraines	O
jetaient	O
à	O
la	O
rue	O
,	O
par	O
leurs	O
fenêtres	O
basses	O
,	O
les	O
miasmes	O
infâmes	O
des	O
eaux	O
de	O
vaisselle	O
et	O
des	O
vieilles	O
sauces	O
.	O
	
Les	O
concierges	O
,	O
en	O
manches	O
de	O
chemise	O
,	O
à	O
cheval	O
sur	O
des	O
chaises	O
en	O
paille	O
,	O
fumaient	O
la	O
pipe	O
sous	O
des	O
portes	O
cochères	O
,	O
et	O
les	O
passants	O
allaient	O
d’	O
un	O
pas	O
accablé	O
,	O
le	O
front	O
nu	O
,	O
le	O
chapeau	O
à	O
la	O
main	O
.	O
	
Quand	O
Georges	B-PER
Duroy	E-PER
parvint	O
au	O
boulevard	O
,	O
il	O
s’	O
arrêta	O
encore	O
,	O
indécis	O
sur	O
ce	O
qu’	O
il	O
allait	O
faire	O
.	O
	
Il	O
avait	O
envie	O
maintenant	O
de	O
gagner	O
les	B-LOC
Champs-Élysées	E-LOC
et	O
l’	B-LOC
avenue	I-LOC
du	I-LOC
bois	I-LOC
de	I-LOC
Boulogne	E-LOC
pour	O
trouver	O
un	O
peu	O
d’air	O
frais	O
sous	O
les	O
arbres	O
;	O
	
mais	O
un	O
désir	O
aussi	O
le	O
travaillait	O
,	O
celui	O
d’	O
une	O
rencontre	O
amoureuse	O
.	O
	
Comment	O
se	O
présenterait	O
-elle	O
?	O
	
Il	O
n’	O
en	O
savait	O
rien	O
,	O
mais	O
il	O
l’	O
attendait	O
depuis	O
trois	O
mois	O
,	O
tous	O
les	O
jours	O
,	O
tous	O
les	O
soirs	O
.	O
	
Quelquefois	O
cependant	O
,	O
grâce	O
à	O
sa	O
belle	O
mine	O
et	O
à	O
sa	O
tournure	O
galante	O
,	O
il	O
volait	O
,	O
par	O
-ci	O
,	O
par	O
-là	O
,	O
un	O
peu	O
d’	O
amour	O
,	O
mais	O
il	O
espérait	O
toujours	O
plus	O
et	O
mieux	O
.	O
	
La	O
poche	O
vide	O
et	O
le	O
sang	O
bouillant	O
,	O
il	O
s’	O
allumait	O
au	O
contact	O
des	O
rôdeuses	O
qui	O
murmurent	O
à	O
l’	O
angle	O
des	O
rues	O
:	O
«	O
Venez	O
-vous	O
chez	O
moi	O
,	O
joli	O
garçon	O
?	O
	
»	O
mais	O
il	O
n’	O
osait	O
les	O
suivre	O
ne	O
les	O
pouvant	O
payer	O
;	O
et	O
il	O
attendait	O
aussi	O
autre	O
chose	O
,	O
d’	O
autres	O
baisers	O
moins	O
vulgaires	O
.	O
	
Il	O
aimait	O
cependant	O
les	O
lieux	O
où	O
grouillent	O
les	O
filles	O
publiques	O
,	O
leurs	O
bals	O
,	O
leurs	O
cafés	O
,	O
leurs	O
rues	O
;	O
	
il	O
aimait	O
les	O
coudoyer	O
,	O
leur	O
parler	O
,	O
les	O
tutoyer	O
,	O
flairer	O
leurs	O
parfums	O
violents	O
,	O
se	O
sentir	O
près	O
d’	O
elles	O
.	O
	
C’	O
étaient	O
des	O
femmes	O
enfin	O
,	O
des	O
femmes	O
d’	O
amour	O
.	O
	
Il	O
ne	O
les	O
méprisait	O
point	O
du	O
mépris	O
inné	O
des	O
hommes	O
de	O
famille	O
.	O
	
Il	O
tourna	O
vers	O
la	B-LOC
Madeleine	E-LOC
et	O
suivit	O
le	O
flot	O
de	O
foule	O
qui	O
coulait	O
accablée	O
par	O
la	O
chaleur	O
.	O
	
Les	O
grands	O
cafés	O
,	O
pleins	O
de	O
monde	O
,	O
débordaient	O
sur	O
le	O
trottoir	O
,	O
étalant	O
leur	O
public	O
de	O
buveurs	O
sous	O
la	O
lumière	O
éclatante	O
et	O
crue	O
de	O
leur	O
devanture	O
illuminée	O
.	O
	
Devant	O
eux	O
,	O
sur	O
de	O
petites	O
tables	O
carrées	O
ou	O
rondes	O
,	O
les	O
verres	O
contenaient	O
des	O
liquides	O
rouges	O
,	O
jaunes	O
,	O
verts	O
,	O
bruns	O
,	O
de	O
toutes	O
les	O
nuances	O
;	O
et	O
dans	O
l’	O
intérieur	O
des	O
carafes	O
on	O
voyait	O
briller	O
les	O
gros	O
cylindres	O
transparents	O
de	O
glace	O
qui	O
refroidissaient	O
la	O
belle	O
eau	O
claire	O
.	O
	
Duroy	S-PER
avait	O
ralenti	O
sa	O
marche	O
,	O
et	O
l’	O
envie	O
de	O
boire	O
lui	O
séchait	O
la	O
gorge	O
.	O
	
Une	O
soif	O
chaude	O
,	O
une	O
soif	O
de	O
soir	O
d’	O
été	O
le	O
tenait	O
,	O
et	O
il	O
pensait	O
à	O
la	O
sensation	O
délicieuse	O
des	O
boissons	O
froides	O
coulant	O
dans	O
la	O
bouche	O
.	O
	
Mais	O
s’	O
il	O
buvait	O
seulement	O
deux	O
bocks	O
dans	O
la	O
soirée	O
,	O
adieu	O
le	O
maigre	O
souper	O
du	O
lendemain	O
,	O
et	O
il	O
les	O
connaissait	O
trop	O
,	O
les	O
heures	O
affamées	O
de	O
la	O
fin	O
du	O
mois	O
.	O
	
Il	O
se	O
dit	O
:	O
«	O
Il	O
faut	O
que	O
je	O
gagne	O
dix	O
heures	O
et	O
je	O
prendrai	O
mon	O
bock	O
à	O
l’	B-MISC
Américain	E-MISC
.	O
	
Nom	O
d’	O
un	O
chien	O
!	O
que	O
j’	O
ai	O
soif	O
tout	O
de	O
même	O
!	O
	
»	O
Et	O
il	O
regardait	O
tous	O
ces	O
hommes	O
attablés	O
et	O
buvant	O
,	O
tous	O
ces	O
hommes	O
qui	O
pouvaient	O
se	O
désaltérer	O
tant	O
qu’	O
il	O
leur	O
plaisait	O
.	O
	
Il	O
allait	O
,	O
passant	O
devant	O
les	O
cafés	O
d’	O
un	O
air	O
crâne	O
et	O
gaillard	O
,	O
et	O
il	O
jugeait	O
d’	O
un	O
coup	O
d’	O
œil	O
,	O
à	O
la	O
mine	O
,	O
à	O
l’	O
habit	O
,	O
ce	O
que	O
chaque	O
consommateur	O
devait	O
porter	O
d’	O
argent	O
sur	O
lui	O
.	O
	
Et	O
une	O
colère	O
l’	O
envahissait	O
contre	O
ces	O
gens	O
assis	O
et	O
tranquilles	O
.	O
	
En	O
fouillant	O
leurs	O
poches	O
,	O
on	O
trouverait	O
de	O
l’	O
or	O
,	O
de	O
la	O
monnaie	O
blanche	O
et	O
des	O
sous	O
.	O
	
En	O
moyenne	O
chacun	O
devait	O
avoir	O
au	O
moins	O
deux	O
louis	O
;	O
	
ils	O
étaient	O
bien	O
une	O
centaine	O
par	O
café	O
;	O
	
cent	O
fois	O
deux	O
louis	O
font	O
quatre	O
mille	O
francs	O
!	O
	
Il	O
murmurait	O
:	O
«	O
Les	O
cochons	O
!	O
»	O
tout	O
en	O
se	O
dandinant	O
avec	O
grâce	O
.	O
	
S’	O
il	O
avait	O
pu	O
en	O
tenir	O
un	O
au	O
coin	O
d’	O
une	O
rue	O
,	O
dans	O
l’	O
ombre	O
bien	O
noire	O
,	O
il	O
lui	O
aurait	O
tordu	O
le	O
cou	O
,	O
ma	O
foi	O
,	O
sans	O
scrupule	O
,	O
comme	O
il	O
faisait	O
aux	O
volailles	O
des	O
paysans	O
,	O
aux	O
jours	O
de	O
grandes	O
manœuvres	O
.	O
	
Et	O
il	O
se	O
rappelait	O
ses	O
deux	O
années	O
d’	O
Afrique	S-LOC
,	O
la	O
façon	O
dont	O
il	O
rançonnait	O
les	B-MISC
Arabes	E-MISC
dans	O
les	O
petits	O
postes	O
du	B-LOC
Sud	E-LOC
.	O
	
Et	O
un	O
sourire	O
cruel	O
et	O
gai	O
passa	O
sur	O
ses	O
lèvres	O
au	O
souvenir	O
d’	O
une	O
escapade	O
qui	O
avait	O
coûté	O
la	O
vie	O
à	O
trois	O
hommes	O
de	O
la	B-MISC
tribu	I-MISC
des	I-MISC
Ouled-Alane	E-MISC
et	O
qui	O
leur	O
avait	O
valu	O
,	O
à	O
ses	O
camarades	O
et	O
à	O
lui	O
,	O
vingt	O
poules	O
,	O
deux	O
moutons	O
et	O
de	O
l’	O
or	O
,	O
et	O
de	O
quoi	O
rire	O
pendant	O
six	O
mois	O
.	O
	
On	O
n’	O
avait	O
jamais	O
trouvé	O
les	O
coupables	O
,	O
qu’	O
on	O
n’	O
avait	O
guère	O
cherchés	O
d’	O
ailleurs	O
,	O
l’	B-MISC
Arabe	E-MISC
étant	O
un	O
peu	O
considéré	O
comme	O
la	O
proie	O
naturelle	O
du	O
soldat	O
.	O
	
À	O
Paris	S-LOC
,	O
c’	O
était	O
autre	O
chose	O
.	O
	
On	O
ne	O
pouvait	O
pas	O
marauder	O
gentiment	O
,	O
sabre	O
au	O
côté	O
et	O
revolver	O
au	O
poing	O
,	O
loin	O
de	O
la	O
justice	O
civile	O
,	O
en	O
liberté	O
.	O
	
Il	O
se	O
sentait	O
au	O
cœur	O
tous	O
les	O
instincts	O
du	O
sous-off	O
lâché	O
en	O
pays	O
conquis	O
.	O
	
Certes	O
il	O
les	O
regrettait	O
,	O
ses	O
deux	O
années	O
de	O
désert	O
.	O
	
Quel	O
dommage	O
de	O
n’	O
être	O
pas	O
resté	O
là-bas	O
!	O
	
Mais	O
voilà	O
,	O
il	O
avait	O
espéré	O
mieux	O
en	O
revenant	O
.	O
	
Et	O
maintenant	O
!	O
…	O
	
Ah	O
oui	O
,	O
c’	O
était	O
du	O
propre	O
,	O
maintenant	O
!	O
	
Il	O
faisait	O
aller	O
sa	O
langue	O
dans	O
sa	O
bouche	O
,	O
avec	O
un	O
petit	O
claquement	O
,	O
comme	O
pour	O
constater	O
la	O
sécheresse	O
de	O
son	O
palais	O
.	O
	
La	O
foule	O
glissait	O
autour	O
de	O
lui	O
,	O
exténuée	O
et	O
lente	O
,	O
et	O
il	O
pensait	O
toujours	O
:	O
«	O
Tas	O
de	O
brutes	O
!	O
	
tous	O
ces	O
imbéciles	O
-là	O
ont	O
des	O
sous	O
dans	O
le	O
gilet	O
»	O
.	O
	
Il	O
bousculait	O
les	O
gens	O
de	O
l’	O
épaule	O
,	O
et	O
sifflotait	O
des	O
airs	O
joyeux	O
.	O
	
Des	O
messieurs	O
heurtés	O
se	O
retournaient	O
en	O
grognant	O
;	O
des	O
femmes	O
prononçaient	O
:	O
«	O
En	O
voilà	O
un	O
animal	O
!	O
	
»	O
	
Il	O
passa	O
devant	O
le	B-LOC
Vaudeville	E-LOC
,	O
et	O
s’	O
arrêta	O
en	O
face	O
du	B-LOC
Café	I-LOC
Américain	E-LOC
,	O
se	O
demandant	O
s’	O
il	O
n’	O
allait	O
pas	O
prendre	O
son	O
bock	O
,	O
tant	O
la	O
soif	O
le	O
torturait	O
.	O
	
Avant	O
de	O
se	O
décider	O
il	O
regarda	O
l’	O
heure	O
aux	O
horloges	O
lumineuses	O
,	O
au	O
milieu	O
de	O
la	O
chaussée	O
.	O
	
Il	O
était	O
neuf	O
heures	O
un	O
quart	O
.	O
	
Il	O
se	O
connaissait	O
:	O
dès	O
que	O
le	O
verre	O
plein	O
de	O
bière	O
serait	O
devant	O
lui	O
,	O
il	O
l’	O
avalerait	O
.	O
	
Que	O
ferait	O
-il	O
ensuite	O
jusqu’	O
à	O
onze	O
heures	O
?	O
	
Il	O
passa	O
:	O
«	O
J’irai	O
jusqu’	O
à	O
la	B-LOC
Madeleine	E-LOC
,	O
se	O
dit	O
-il	O
,	O
et	O
je	O
reviendrai	O
tout	O
doucement	O
.	O
	
»	O
	
Comme	O
il	O
arrivait	O
au	O
coin	O
de	O
la	B-LOC
place	I-LOC
de	I-LOC
l’	I-LOC
Opéra	E-LOC
,	O
il	O
croisa	O
un	O
gros	O
jeune	O
homme	O
,	O
dont	O
il	O
se	O
rappela	O
vaguement	O
avoir	O
vu	O
la	O
tête	O
quelque	O
part	O
.	O
	
Il	O
se	O
mit	O
à	O
le	O
suivre	O
en	O
cherchant	O
dans	O
ses	O
souvenirs	O
,	O
et	O
répétant	O
à	O
mi-voix	O
:	O
«	O
Où	O
diable	O
ai	O
-je	O
connu	O
ce	O
particulier	O
-là	O
?	O
	
»	O
	
Il	O
fouillait	O
dans	O
sa	O
pensée	O
,	O
sans	O
parvenir	O
à	O
se	O
le	O
rappeler	O
;	O
	
puis	O
,	O
tout	O
d’	O
un	O
coup	O
,	O
par	O
un	O
singulier	O
phénomène	O
de	O
mémoire	O
,	O
le	O
même	O
homme	O
lui	O
apparut	O
moins	O
gros	O
,	O
plus	O
jeune	O
,	O
vêtu	O
d’	O
un	O
uniforme	O
de	O
hussard	O
.	O
	
Il	O
s’	O
écria	O
tout	O
haut	O
:	O
«	O
Tiens	O
,	O
Forestier	S-PER
!	O
»	O
et	O
,	O
allongeant	O
le	O
pas	O
,	O
il	O
alla	O
frapper	O
sur	O
l’	O
épaule	O
du	O
marcheur	O
.	O
	
L’	O
autre	O
se	O
retourna	O
,	O
le	O
regarda	O
,	O
puis	O
dit	O
:	O
	
—	O
	
Qu’	O
est	O
-ce	O
que	O
vous	O
me	O
voulez	O
,	O
monsieur	O
?	O
	
Duroy	S-PER
se	O
mit	O
à	O
rire	O
:	O
	
—	O
	
Tu	O
ne	O
me	O
reconnais	O
pas	O
?	O
	
—	O
Non.	O
	
—	O
Georges	B-PER
Duroy	I-PER
du	I-MISC
6e	I-MISC
hussards	E-MISC
.	O
	
Forestier	S-PER
tendit	O
les	O
deux	O
mains	O
:	O
	
—	O
Ah	O
!	O
	
mon	O
vieux	O
!	O
	
comment	O
vas	O
-tu	O
?	O
	
—	O
	
Très	O
bien	O
,	O
et	O
toi	O
?	O
	
—	O
	
Oh	O
!	O
	
moi	O
,	O
pas	O
trop	O
;	O
	
figure	O
-toi	O
que	O
j’	O
ai	O
une	O
poitrine	O
de	O
papier	O
mâché	O
maintenant	O
;	O
	
je	O
tousse	O
six	O
mois	O
sur	O
douze	O
,	O
à	O
la	O
suite	O
d’	O
une	O
bronchite	O
que	O
j’	O
ai	O
attrapée	O
à	O
Bougival	S-LOC
,	O
l’	O
année	O
de	O
mon	O
retour	O
à	O
Paris	S-LOC
,	O
voici	O
quatre	O
ans	O
maintenant	O
.	O
	
—	O
Tiens	O
!	O
	
tu	O
as	O
l’	O
air	O
solide	O
,	O
pourtant	O
.	O
	
Et	O
Forestier	S-PER
,	O
prenant	O
le	O
bras	O
de	O
son	O
ancien	O
camarade	O
,	O
lui	O
parla	O
de	O
sa	O
maladie	O
,	O
lui	O
raconta	O
les	O
consultations	O
,	O
les	O
opinions	O
et	O
les	O
conseils	O
des	O
médecins	O
,	O
la	O
difficulté	O
de	O
suivre	O
leurs	O
avis	O
dans	O
sa	O
position	O
.	O
	
On	O
lui	O
ordonnait	O
de	O
passer	O
l’	O
hiver	O
dans	O
le	B-LOC
Midi	E-LOC
;	O
	
mais	O
le	O
pouvait	O
-il	O
?	O
	
Il	O
était	O
marié	O
et	O
journaliste	O
,	O
dans	O
une	O
belle	O
situation	O
.	O
	
—	O
	
Je	O
dirige	O
la	O
politique	O
à	O
la	B-MISC
Vie	I-MISC
Française	E-MISC
.	O
	
Je	O
fais	O
le	B-MISC
Sénat	I-MISC
au	I-MISC
Salut	E-MISC
,	O
et	O
,	O
de	O
temps	O
en	O
temps	O
,	O
des	O
chroniques	O
littéraires	O
pour	O
la	B-MISC
Planète	E-MISC
.	O
	
Voilà	O
,	O
j’	O
ai	O
fait	O
mon	O
chemin	O
.	O
	
Duroy	S-PER
,	O
surpris	O
,	O
le	O
regardait	O
.	O
	
Il	O
était	O
bien	O
changé	O
,	O
bien	O
mûri	O
.	O
	
Il	O
avait	O
maintenant	O
une	O
allure	O
,	O
une	O
tenue	O
,	O
un	O
costume	O
d’	O
homme	O
posé	O
,	O
sûr	O
de	O
lui	O
,	O
et	O
un	O
ventre	O
d’	O
homme	O
qui	O
dîne	O
bien	O
.	O
	
Autrefois	O
il	O
était	O
maigre	O
,	O
mince	O
et	O
souple	O
,	O
étourdi	O
,	O
casseur	O
d’	O
assiettes	O
,	O
tapageur	O
et	O
toujours	O
en	O
train	O
.	O
	
En	O
trois	O
ans	O
Paris	S-LOC
en	O
avait	O
fait	O
quelqu’un	O
de	O
tout	O
autre	O
,	O
de	O
gros	O
et	O
sérieux	O
,	O
avec	O
quelques	O
cheveux	O
blancs	O
sur	O
les	O
tempes	O
,	O
bien	O
qu’	O
il	O
n’	O
eût	O
pas	O
plus	O
de	O
vingt-sept	O
ans	O
.	O
	
Forestier	S-PER
demanda	O
:	O
	
—	O
	
Où	O
vas	O
-tu	O
?	O
	
Duroy	S-PER
répondit	O
:	O
	
—	O
	
Nulle	O
part	O
,	O
je	O
fais	O
un	O
tour	O
avant	O
de	O
rentrer	O
.	O
	
—	O
	
Eh	O
bien	O
,	O
veux	O
-tu	O
m’	O
accompagner	O
à	O
la	B-MISC
Vie	I-MISC
Française	E-MISC
,	O
où	O
j’	O
ai	O
des	O
épreuves	O
à	O
corriger	O
;	O
	
puis	O
nous	O
irons	O
prendre	O
un	O
bock	O
ensemble	O
?	O
	
—	O
	
Je	O
te	O
suis	O
.	O
	
Et	O
ils	O
se	O
mirent	O
à	O
marcher	O
en	O
se	O
tenant	O
par	O
le	O
bras	O
,	O
avec	O
cette	O
familiarité	O
facile	O
qui	O
subsiste	O
entre	O
compagnons	O
d’	O
école	O
et	O
entre	O
camarades	O
de	O
régiment	O
.	O
	
—	O
	
Qu’	O
est	O
-ce	O
que	O
tu	O
fais	O
à	O
Paris	S-LOC
?	O
dit	O
Forestier	S-PER
.	O
	
Duroy	S-PER
haussa	O
les	O
épaules	O
:	O
	
—	O
	
Je	O
crève	O
de	O
faim	O
,	O
tout	O
simplement	O
.	O
	
Une	O
fois	O
mon	O
temps	O
fini	O
,	O
j’	O
ai	O
voulu	O
venir	O
ici	O
pour…	O
pour	O
faire	O
fortune	O
ou	O
plutôt	O
pour	O
vivre	O
à	O
Paris	S-LOC
;	O
et	O
voilà	O
six	O
mois	O
que	O
je	O
suis	O
employé	O
aux	O
bureaux	O
du	O
chemin	O
de	O
fer	O
du	B-MISC
Nord	E-MISC
,	O
à	O
quinze	O
cents	O
francs	O
par	O
an	O
,	O
rien	O
de	O
plus	O
.	O
	
Forestier	S-PER
murmura	O
:	O
	
—	O
Bigre	S-PER
,	O
ça	O
n’	O
est	O
pas	O
gras	O
.	O
	
—	O
	
Je	O
te	O
crois	O
.	O
	
Mais	O
comment	O
veux	O
-tu	O
que	O
je	O
m’	O
en	O
tire	O
?	O
	
Je	O
suis	O
seul	O
,	O
je	O
ne	O
connais	O
personne	O
,	O
je	O
ne	O
peux	O
me	O
recommander	O
de	O
personne	O
.	O
	
Ce	O
n’	O
est	O
pas	O
la	O
bonne	O
volonté	O
qui	O
me	O
manque	O
,	O
mais	O
les	O
moyens	O
.	O
	
Son	O
camarade	O
le	O
regarda	O
des	O
pieds	O
à	O
la	O
tête	O
,	O
en	O
homme	O
pratique	O
,	O
qui	O
juge	O
un	O
sujet	O
,	O
puis	O
il	O
prononça	O
d’	O
un	O
ton	O
convaincu	O
:	O
	
—	O
Vois	O
-tu	O
,	O
mon	O
petit	O
,	O
tout	O
dépend	O
de	O
l’	O
aplomb	O
,	O
ici	O
.	O
	
Un	O
homme	O
un	O
peu	O
malin	O
devient	O
plus	O
facilement	O
ministre	O
que	O
chef	O
de	O
bureau	O
.	O
	
Il	O
faut	O
s’	O
imposer	O
et	O
non	O
pas	O
demander	O
.	O
	
Mais	O
comment	O
diable	O
n’as	O
-tu	O
pas	O
trouvé	O
mieux	O
qu’	O
une	O
place	O
d’	O
employé	O
au	B-MISC
Nord	E-MISC
?	O
	
Duroy	S-PER
reprit	O
:	O
	
—	O
	
J’	O
ai	O
cherché	O
partout	O
,	O
et	O
je	O
n’	O
ai	O
rien	O
découvert	O
.	O
	
Mais	O
j’	O
ai	O
quelque	O
chose	O
en	O
vue	O
en	O
ce	O
moment	O
,	O
on	O
m’	O
offre	O
d’	O
entrer	O
comme	O
écuyer	O
au	B-MISC
manège	I-MISC
Pellerin	E-MISC
.	O
	
Là	O
,	O
j’	O
aurai	O
,	O
au	O
bas	O
mot	O
,	O
trois	O
mille	O
francs	O
.	O
	
Forestier	S-PER
s’	O
arrêta	O
net	O
:	O
	
—	O
	
Ne	O
fais	O
pas	O
ça	O
,	O
c’	O
est	O
stupide	O
,	O
quand	O
tu	O
devrais	O
gagner	O
dix	O
mille	O
francs	O
.	O
	
Tu	O
te	O
fermes	O
l’	O
avenir	O
du	O
coup	O
.	O
	
Dans	O
ton	O
bureau	O
,	O
au	O
moins	O
tu	O
es	O
caché	O
,	O
personne	O
ne	O
te	O
connaît	O
,	O
tu	O
peux	O
en	O
sortir	O
si	O
tu	O
es	O
fort	O
,	O
et	O
faire	O
ton	O
chemin	O
.	O
	
Mais	O
une	O
fois	O
écuyer	O
,	O
c’	O
est	O
fini	O
.	O
	
C’	O
est	O
comme	O
si	O
tu	O
étais	O
maître	O
d’	O
hôtel	O
dans	O
une	O
maison	O
où	O
Tout-Paris	S-MISC
va	O
dîner	O
.	O
	
Quand	O
tu	O
auras	O
donné	O
des	O
leçons	O
d’	O
équitation	O
aux	O
hommes	O
du	O
monde	O
ou	O
à	O
leurs	O
fils	O
,	O
ils	O
ne	O
pourront	O
plus	O
s’	O
accoutumer	O
à	O
te	O
considérer	O
comme	O
leur	O
égal	O
.	O
	
Il	O
se	O
tut	O
,	O
réfléchit	O
quelques	O
secondes	O
,	O
puis	O
demanda	O
:	O
	
—	O
Es	O
-tu	O
bachelier	O
?	O
	
—	O
Non	O
.	O
	
J’	O
ai	O
échoué	O
deux	O
fois	O
.	O
	
—	O
	
Ça	O
ne	O
fait	O
rien	O
,	O
du	O
moment	O
que	O
tu	O
as	O
poussé	O
tes	O
études	O
jusqu’	O
au	O
bout	O
.	O
	
Si	O
on	O
parle	O
de	O
Cicéron	S-PER
ou	O
de	O
Tibère	S-PER
,	O
tu	O
sais	O
à	O
peu	O
près	O
ce	O
que	O
c’	O
est	O
?	O
	
—	O
Oui	O
,	O
à	O
peu	O
près	O
.	O
	
—	O
	
Bon	O
,	O
personne	O
n’	O
en	O
sait	O
davantage	O
,	O
à	O
l’	O
exception	O
d’	O
une	O
vingtaine	O
d’	O
imbéciles	O
qui	O
ne	O
sont	O
pas	O
fichus	O
de	O
se	O
tirer	O
d’	O
affaire	O
.	O
	
Ça	O
n’	O
est	O
pas	O
difficile	O
de	O
passer	O
pour	O
fort	O
,	O
va	O
;	O
	
le	O
tout	O
est	O
de	O
ne	O
pas	O
se	O
faire	O
pincer	O
en	O
flagrant	O
délit	O
d’	O
ignorance	O
.	O
	
On	O
manœuvre	O
,	O
on	O
esquive	O
la	O
difficulté	O
,	O
on	O
tourne	O
l’	O
obstacle	O
,	O
et	O
on	O
colle	O
les	O
autres	O
au	O
moyen	O
d’	O
un	O
dictionnaire	O
.	O
	
Tous	O
les	O
hommes	O
sont	O
bêtes	O
comme	O
des	O
oies	O
et	O
ignorants	O
comme	O
des	O
carpes	O
.	O
	
Il	O
parlait	O
en	O
gaillard	O
tranquille	O
qui	O
connaît	O
la	O
vie	O
,	O
et	O
il	O
souriait	O
en	O
regardant	O
passer	O
la	O
foule	O
.	O
	
Mais	O
tout	O
d’	O
un	O
coup	O
il	O
se	O
mit	O
à	O
tousser	O
,	O
et	O
s’	O
arrêta	O
pour	O
laisser	O
finir	O
la	O
quinte	O
,	O
puis	O
,	O
d’	O
un	O
ton	O
découragé	O
:	O
	
—	O
	
Est	O
-ce	O
pas	O
assommant	O
de	O
ne	O
pouvoir	O
se	O
débarrasser	O
de	O
cette	O
bronchite	O
?	O
	
Et	O
nous	O
sommes	O
en	O
plein	O
été	O
.	O
	
Oh	O
!	O
cet	O
hiver	O
,	O
j’irai	O
me	O
guérir	O
à	O
Menton	S-LOC
.	O
	
Tant	O
pis	O
,	O
ma	O
foi	O
,	O
la	O
santé	O
avant	O
tout	O
.	O
	
Ils	O
arrivèrent	O
au	B-LOC
boulevard	I-LOC
Poissonnière	E-LOC
,	O
devant	O
une	O
grande	O
porte	O
vitrée	O
,	O
derrière	O
laquelle	O
un	O
journal	O
ouvert	O
était	O
collé	O
sur	O
les	O
deux	O
faces	O
.	O
	
Trois	O
personnes	O
arrêtées	O
le	O
lisaient	O
.	O
	
Au-dessus	O
de	O
la	O
porte	O
s’	O
étalait	O
,	O
comme	O
un	O
appel	O
,	O
en	O
grandes	O
lettres	O
de	O
feu	O
dessinées	O
par	O
des	O
flammes	O
de	O
gaz	O
:	O
La	B-MISC
Vie	I-MISC
Française	E-MISC
.	O
	
Et	O
les	O
promeneurs	O
passant	O
brusquement	O
dans	O
la	O
clarté	O
que	O
jetaient	O
ces	O
trois	O
mots	O
éclatants	O
apparaissaient	O
tout	O
à	O
coup	O
en	O
pleine	O
lumière	O
,	O
visibles	O
,	O
clairs	O
et	O
nets	O
comme	O
au	O
milieu	O
du	O
jour	O
,	O
puis	O
rentraient	O
aussitôt	O
dans	O
l’	O
ombre	O
.	O
	
Forestier	S-PER
poussa	O
cette	O
porte	O
:	O
	
—	O
	
Entre	O
,	O
dit	O
-il	O
.	O
	
Duroy	S-PER
entra	O
,	O
monta	O
un	O
escalier	O
luxueux	O
et	O
sale	O
que	O
toute	O
la	O
rue	O
voyait	O
,	O
parvint	O
dans	O
une	O
antichambre	O
,	O
dont	O
les	O
deux	O
garçons	O
de	O
bureau	O
saluèrent	O
son	O
camarade	O
,	O
puis	O
s’	O
arrêta	O
dans	O
une	O
sorte	O
de	O
salon	O
d’	O
attente	O
,	O
poussiéreux	O
et	O
fripé	O
,	O
tendu	O
de	O
faux	O
velours	O
d’	O
un	O
vert	O
pisseux	O
,	O
criblé	O
de	O
taches	O
et	O
rongé	O
par	O
endroits	O
,	O
comme	O
si	O
des	O
souris	O
l’	O
eussent	O
grignoté	O
.	O
	
—	O
Assieds	O
-toi	O
,	O
dit	O
Forestier	S-PER
,	O
je	O
reviens	O
dans	O
cinq	O
minutes	O
.	O
	
Et	O
il	O
disparut	O
par	O
une	O
des	O
trois	O
sorties	O
qui	O
donnaient	O
dans	O
ce	O
cabinet	O
.	O
	
Une	O
odeur	O
étrange	O
,	O
particulière	O
,	O
inexprimable	O
,	O
l’odeur	O
des	O
salles	O
de	O
rédaction	O
,	O
flottait	O
dans	O
ce	O
lieu	O
.	O
	
Duroy	S-PER
demeurait	O
immobile	O
,	O
un	O
peu	O
intimidé	O
,	O
surpris	O
surtout	O
.	O
	
De	O
temps	O
en	O
temps	O
des	O
hommes	O
passaient	O
devant	O
lui	O
,	O
en	O
courant	O
,	O
entrés	O
par	O
une	O
porte	O
et	O
partis	O
par	O
l’	O
autre	O
avant	O
qu’	O
il	O
eût	O
le	O
temps	O
de	O
les	O
regarder	O
.	O
	
C’étaient	O
tantôt	O
des	O
jeunes	O
gens	O
,	O
très	O
jeunes	O
,	O
l’	O
air	O
affairé	O
,	O
et	O
tenant	O
à	O
la	O
main	O
une	O
feuille	O
de	O
papier	O
qui	O
palpitait	O
au	O
vent	O
de	O
leur	O
course	O
;	O
	
tantôt	O
des	O
ouvriers	O
compositeurs	O
,	O
dont	O
la	O
blouse	O
de	O
toile	O
tachée	O
d’	O
encre	O
laissait	O
voir	O
un	O
col	O
de	O
chemise	O
bien	O
blanc	O
et	O
un	O
pantalon	O
de	O
drap	O
pareil	O
à	O
celui	O
des	O
gens	O
du	O
monde	O
;	O
et	O
ils	O
portaient	O
avec	O
précaution	O
des	O
bandes	O
de	O
papier	O
imprimé	O
,	O
des	O
épreuves	O
fraîches	O
,	O
tout	O
humides	O
.	O
	
Quelquefois	O
un	O
petit	O
monsieur	O
entrait	O
,	O
vêtu	O
avec	O
une	O
élégance	O
trop	O
apparente	O
,	O
la	O
taille	O
trop	O
serrée	O
dans	O
la	O
redingote	O
,	O
la	O
jambe	O
trop	O
moulée	O
sous	O
l’	O
étoffe	O
,	O
le	O
pied	O
étreint	O
dans	O
un	O
soulier	O
trop	O
pointu	O
,	O
quelque	O
reporter	O
mondain	O
apportant	O
les	O
échos	O
de	O
la	O
soirée	O
.	O
	
D’autres	O
encore	O
arrivaient	O
,	O
graves	O
,	O
importants	O
,	O
coiffés	O
de	O
hauts	O
chapeaux	O
à	O
bords	O
plats	O
,	O
comme	O
si	O
cette	O
forme	O
les	O
eût	O
distingués	O
du	O
reste	O
des	O
hommes	O
.	O
	
Forestier	S-PER
reparut	O
tenant	O
par	O
le	O
bras	O
un	O
grand	O
garçon	O
maigre	O
,	O
de	O
trente	O
à	O
quarante	O
ans	O
,	O
en	O
habit	O
noir	O
et	O
en	O
cravate	O
blanche	O
,	O
très	O
brun	O
,	O
la	O
moustache	O
roulée	O
en	O
pointes	O
aiguës	O
,	O
et	O
qui	O
avait	O
l’	O
air	O
insolent	O
et	O
content	O
de	O
lui	O
.	O
	
Forestier	S-PER
lui	O
dit	O
:	O
	
—	O
Adieu	O
,	O
cher	O
maître	O
.	O
	
L’autre	O
lui	O
serra	O
la	O
main	O
:	O
	
—	O
	
Au	O
revoir	O
,	O
mon	O
cher	O
.	O
	
Et	O
il	O
descendit	O
l’	O
escalier	O
en	O
sifflotant	O
,	O
la	O
canne	O
sous	O
le	O
bras	O
.	O
	
Duroy	S-PER
demanda	O
:	O
	
—	O
	
Qui	O
est	O
-ce	O
?	O
	
—	O
	
C’	O
est	O
Jacques	B-PER
Rival	E-PER
,	O
tu	O
sais	O
,	O
le	O
fameux	O
chroniqueur	O
,	O
le	O
duelliste	O
.	O
	
Il	O
vient	O
de	O
corriger	O
ses	O
épreuves	O
.	O
	
Garin	S-PER
,	O
Montel	S-PER
et	O
lui	O
sont	O
les	O
trois	O
premiers	O
chroniqueurs	O
d’	O
esprit	O
et	O
d’	O
actualité	O
que	O
nous	O
ayons	O
à	O
Paris	S-LOC
.	O
	
Il	O
gagne	O
ici	O
trente	O
mille	O
francs	O
par	O
an	O
pour	O
deux	O
articles	O
par	O
semaine	O
.	O
	
Et	O
comme	O
ils	O
s’	O
en	O
allaient	O
,	O
ils	O
rencontrèrent	O
un	O
petit	O
homme	O
à	O
longs	O
cheveux	O
,	O
gros	O
,	O
d’	O
aspect	O
malpropre	O
,	O
qui	O
montait	O
les	O
marches	O
en	O
soufflant	O
.	O
	
Forestier	S-PER
salua	O
très	O
bas	O
:	O
	
—	O
	
Norbert	B-PER
de	I-PER
Varenne	E-PER
,	O
dit	O
-il	O
,	O
le	O
poète	O
,	O
l’	O
auteur	O
des	B-MISC
Soleils	I-MISC
morts	E-MISC
,	O
encore	O
un	O
homme	O
dans	O
les	O
grands	O
prix	O
.	O
	
Chaque	O
conte	O
qu’	O
il	O
nous	O
donne	O
coûte	O
trois	O
cents	O
francs	O
,	O
et	O
les	O
plus	O
longs	O
n’	O
ont	O
pas	O
deux	O
cents	O
lignes	O
.	O
	
Mais	O
entrons	O
au	B-LOC
Napolitain	E-LOC
,	O
je	O
commence	O
à	O
crever	O
de	O
soif	O
.	O
	
Dès	O
qu’	O
ils	O
furent	O
assis	O
devant	O
la	O
table	O
du	O
café	O
,	O
Forestier	S-PER
cria	O
:	O
«	O
Deux	O
bocks	O
»	O
,	O
et	O
il	O
avala	O
le	O
sien	O
d’	O
un	O
seul	O
trait	O
,	O
tandis	O
que	O
Duroy	S-PER
buvait	O
la	O
bière	O
à	O
lentes	O
gorgées	O
,	O
la	O
savourant	O
et	O
la	O
dégustant	O
,	O
comme	O
une	O
chose	O
précieuse	O
et	O
rare	O
.	O
	
Son	O
compagnon	O
se	O
taisait	O
,	O
semblait	O
réfléchir	O
,	O
puis	O
tout	O
à	O
coup	O
:	O
	
—	O
Pourquoi	O
n’	O
essayerais	O
-tu	O
pas	O
du	O
journalisme	O
?	O
	
L’autre	O
,	O
surpris	O
,	O
le	O
regarda	O
;	O
	
puis	O
il	O
dit	O
:	O
	
—	O
	
Mais	O
…	O
c’	O
est	O
que	O
…	O
je	O
n’	O
ai	O
jamais	O
rien	O
écrit	O
.	O
	
—	O
Bah	O
!	O
	
on	O
essaye	O
,	O
on	O
commence	O
.	O
	
Moi	O
,	O
je	O
pourrais	O
t’employer	O
à	O
aller	O
me	O
chercher	O
des	O
renseignements	O
,	O
à	O
faire	O
des	O
démarches	O
et	O
des	O
visites	O
.	O
	
Tu	O
aurais	O
,	O
au	O
début	O
,	O
deux	O
cent	O
cinquante	O
francs	O
et	O
tes	O
voitures	O
payées	O
.	O
	
Veux	O
-tu	O
que	O
j’	O
en	O
parle	O
au	O
directeur	O
?	O
	
—	O
	
Mais	O
certainement	O
que	O
je	O
veux	O
bien	O
.	O
	
—	O
	
Alors	O
,	O
fais	O
une	O
chose	O
,	O
viens	O
dîner	O
chez	O
moi	O
demain	O
;	O
	
j’	O
ai	O
cinq	O
ou	O
six	O
personnes	O
seulement	O
,	O
le	O
patron	O
,	O
M.	B-PER
Walter	E-PER
,	O
sa	O
femme	O
,	O
Jacques	B-PER
Rival	E-PER
et	O
Norbert	B-PER
de	I-PER
Varenne	E-PER
,	O
que	O
tu	O
viens	O
de	O
voir	O
,	O
plus	O
une	O
amie	O
de	O
Mme	B-PER
Forestier	E-PER
.	O
	
Est	O
-ce	O
entendu	O
?	O
	
