Deux	O
mois	O
s’	O
étaient	O
écoulés	O
;	O
	
on	O
touchait	O
à	O
septembre	O
,	O
et	O
la	O
fortune	O
rapide	O
que	O
Duroy	S-PER
avait	O
espérée	O
lui	O
semblait	O
bien	O
longue	O
à	O
venir	O
.	O
	
Il	O
s’	O
inquiétait	O
surtout	O
de	O
la	O
médiocrité	O
morale	O
de	O
sa	O
situation	O
et	O
ne	O
voyait	O
pas	O
par	O
quelle	O
voie	O
il	O
escaladerait	O
les	O
hauteurs	O
où	O
l’	O
on	O
trouve	O
la	O
considération	O
,	O
la	O
puissance	O
et	O
l’	O
argent	O
.	O
	
Il	O
se	O
sentait	O
enfermé	O
dans	O
ce	O
métier	O
médiocre	O
de	O
reporter	O
,	O
muré	O
là-dedans	O
à	O
n’	O
en	O
pouvoir	O
sortir	O
.	O
	
On	O
l’	O
appréciait	O
,	O
mais	O
on	O
l’	O
estimait	O
selon	O
son	O
rang	O
.	O
	
Forestier	S-PER
même	O
,	O
à	O
qui	O
il	O
rendait	O
mille	O
services	O
,	O
ne	O
l’	O
invitait	O
plus	O
à	O
dîner	O
,	O
le	O
traitait	O
en	O
tout	O
comme	O
un	O
inférieur	O
,	O
bien	O
qu’	O
il	O
le	O
tutoyât	O
comme	O
un	O
ami	O
.	O
	
De	O
temps	O
en	O
temps	O
,	O
il	O
est	O
vrai	O
,	O
Duroy	S-PER
,	O
saisissant	O
une	O
occasion	O
,	O
plaçait	O
un	O
bout	O
d’	O
article	O
,	O
et	O
ayant	O
acquis	O
par	O
ses	O
échos	O
une	O
souplesse	O
de	O
plume	O
et	O
un	O
tact	O
qui	O
lui	O
manquaient	O
lorsqu’	O
il	O
avait	O
écrit	O
sa	O
seconde	O
chronique	O
sur	O
l’	B-LOC
Algérie	E-LOC
,	O
il	O
ne	O
courait	O
plus	O
aucun	O
risque	O
de	O
voir	O
refuser	O
ses	O
actualités	O
.	O
	
Mais	O
de	O
là	O
à	O
faire	O
des	O
chroniques	O
au	O
gré	O
de	O
sa	O
fantaisie	O
ou	O
à	O
traiter	O
,	O
en	O
juge	O
,	O
les	O
questions	O
politiques	O
,	O
il	O
y	O
avait	O
autant	O
de	O
différence	O
qu’	O
à	O
conduire	O
dans	O
les	B-LOC
avenues	I-LOC
du	I-LOC
Bois	E-LOC
,	O
étant	O
cocher	O
,	O
ou	O
à	O
conduire	O
étant	O
maître	O
.	O
	
Ce	O
qui	O
l’	O
humiliait	O
surtout	O
,	O
c’	O
était	O
de	O
sentir	O
fermées	O
les	O
portes	O
du	O
monde	O
,	O
de	O
n’	O
avoir	O
pas	O
de	O
relations	O
à	O
traiter	O
en	O
égal	O
,	O
de	O
ne	O
pas	O
entrer	O
dans	O
l’	O
intimité	O
des	O
femmes	O
,	O
bien	O
que	O
plusieurs	O
actrices	O
connues	O
l’	O
eussent	O
parfois	O
accueilli	O
avec	O
une	O
familiarité	O
intéressée	O
.	O
	
Il	O
savait	O
d’	O
ailleurs	O
,	O
par	O
expérience	O
,	O
qu’	O
elles	O
éprouvaient	O
pour	O
lui	O
,	O
toutes	O
,	O
mondaines	O
ou	O
cabotines	O
,	O
un	O
entraînement	O
singulier	O
,	O
une	O
sympathie	O
instantanée	O
,	O
et	O
il	O
ressentait	O
,	O
de	O
ne	O
point	O
connaître	O
celles	O
dont	O
pourrait	O
dépendre	O
son	O
avenir	O
,	O
une	O
impatience	O
de	O
cheval	O
entravé	O
.	O
	
Bien	O
souvent	O
il	O
avait	O
songé	O
à	O
faire	O
une	O
visite	O
à	O
Mme	B-PER
Forestier	E-PER
;	O
	
mais	O
la	O
pensée	O
de	O
leur	O
dernière	O
rencontre	O
l’	O
arrêtait	O
,	O
l’	O
humiliait	O
,	O
et	O
il	O
attendait	O
,	O
en	O
outre	O
,	O
d’	O
y	O
être	O
engagé	O
par	O
le	O
mari	O
.	O
	
Alors	O
le	O
souvenir	O
lui	O
vint	O
de	O
Mme	B-PER
de	I-PER
Marelle	E-PER
,	O
et	O
,	O
se	O
rappelant	O
qu’	O
elle	O
l’	O
avait	O
prié	O
de	O
la	O
venir	O
voir	O
,	O
il	O
se	O
présenta	O
chez	O
elle	O
un	O
après-midi	O
qu’	O
il	O
n’	O
avait	O
rien	O
à	O
faire	O
.	O
	
«	O
J’	O
y	O
suis	O
toujours	O
jusqu’	O
à	O
trois	O
heures	O
,	O
»	O
avait	O
-elle	O
dit	O
.	O
	
Il	O
sonnait	O
à	O
sa	O
porte	O
à	O
deux	O
heures	O
et	O
demie	O
.	O
	
Elle	O
habitait	O
rue	B-LOC
de	I-LOC
Verneuil	E-LOC
,	O
au	O
quatrième	O
.	O
	
Au	O
bruit	O
du	O
timbre	O
,	O
une	O
bonne	O
vint	O
ouvrir	O
,	O
une	O
petite	O
servante	O
dépeignée	O
qui	O
nouait	O
son	O
bonnet	O
en	O
répondant	O
:	O
	
—	O
	
Oui	O
,	O
madame	O
est	O
là	O
,	O
mais	O
je	O
ne	O
sais	O
pas	O
si	O
elle	O
est	O
levée	O
.	O
	
Et	O
elle	O
poussa	O
la	O
porte	O
du	O
salon	O
qui	O
n’	O
était	O
point	O
fermée	O
.	O
	
Duroy	S-PER
entra	O
.	O
	
La	O
pièce	O
était	O
assez	O
grande	O
,	O
peu	O
meublée	O
et	O
d’	O
aspect	O
négligé	O
.	O
	
Les	O
fauteuils	O
,	O
défraîchis	O
et	O
vieux	O
,	O
s’alignaient	O
le	O
long	O
des	O
murs	O
,	O
selon	O
l’	O
ordre	O
établi	O
par	O
la	O
domestique	O
,	O
car	O
on	O
ne	O
sentait	O
en	O
rien	O
le	O
soin	O
élégant	O
d’	O
une	O
femme	O
qui	O
aime	O
le	O
chez	O
soi	O
.	O
	
Quatre	O
pauvres	O
tableaux	O
,	O
représentant	O
une	O
barque	O
sur	O
un	O
fleuve	O
,	O
un	O
navire	O
sur	O
la	O
mer	O
,	O
un	O
moulin	O
dans	O
une	O
plaine	O
et	O
un	O
bûcheron	O
dans	O
un	O
bois	O
,	O
pendaient	O
au	O
milieu	O
des	O
quatre	O
panneaux	O
,	O
au	O
bout	O
de	O
cordons	O
inégaux	O
,	O
et	O
tous	O
les	O
quatre	O
accrochés	O
de	O
travers	O
.	O
	
On	O
devinait	O
que	O
depuis	O
longtemps	O
ils	O
restaient	O
penchés	O
ainsi	O
sous	O
l’	O
œil	O
négligent	O
d’	O
une	O
indifférente	O
.	O
	
Duroy	S-PER
s’assit	O
et	O
attendit	O
.	O
	
Il	O
attendit	O
longtemps	O
.	O
	
Puis	O
une	O
porte	O
s’ouvrit	O
,	O
et	O
Mme	B-PER
de	I-PER
Marelle	E-PER
entra	O
en	O
courant	O
,	O
vêtue	O
d’	O
un	O
peignoir	O
japonais	O
en	O
soie	O
rose	O
où	O
étaient	O
brodés	O
des	O
paysages	O
d’	O
or	O
,	O
des	O
fleurs	O
bleues	O
et	O
des	O
oiseaux	O
blancs	O
,	O
et	O
elle	O
s’	O
écria	O
:	O
	
—	O
Figurez	O
-vous	O
que	O
j’	O
étais	O
encore	O
couchée	O
.	O
	
Que	O
c’	O
est	O
gentil	O
à	O
vous	O
de	O
venir	O
me	O
voir	O
!	O
	
J’	O
étais	O
persuadée	O
que	O
vous	O
m’	O
aviez	O
oubliée	O
.	O
	
Elle	O
tendit	O
ses	O
deux	O
mains	O
d’	O
un	O
geste	O
ravi	O
,	O
et	O
Duroy	S-PER
,	O
que	O
l’	O
aspect	O
médiocre	O
de	O
l’	O
appartement	O
mettait	O
à	O
son	O
aise	O
,	O
les	O
ayant	O
prises	O
,	O
en	O
baisa	O
une	O
,	O
comme	O
il	O
avait	O
vu	O
faire	O
à	O
Norbert	B-PER
de	I-PER
Varenne	E-PER
.	O
	
Elle	O
le	O
pria	O
de	O
s’	O
asseoir	O
;	O
	
puis	O
,	O
le	O
regardant	O
des	O
pieds	O
à	O
la	O
tête	O
:	O
	
—	O
	
Comme	O
vous	O
êtes	O
changé	O
!	O
	
Vous	O
avez	O
gagné	O
de	O
l’	O
air	O
.	O
	
Paris	S-LOC
vous	O
fait	O
du	O
bien	O
.	O
	
Allons	O
,	O
racontez	O
-moi	O
les	O
nouvelles	O
.	O
	
Et	O
ils	O
se	O
mirent	O
à	O
bavarder	O
tout	O
de	O
suite	O
,	O
comme	O
s’	O
ils	O
eussent	O
été	O
d’anciennes	O
connaissances	O
,	O
sentant	O
naître	O
entre	O
eux	O
une	O
familiarité	O
instantanée	O
,	O
sentant	O
s’	O
établir	O
un	O
de	O
ces	O
courants	O
de	O
confiance	O
,	O
d’	O
intimité	O
et	O
d’	O
affection	O
qui	O
font	O
amis	O
,	O
en	O
cinq	O
minutes	O
,	O
deux	O
êtres	O
de	O
même	O
caractère	O
et	O
de	O
même	O
race	O
.	O
	
Tout	O
à	O
coup	O
,	O
la	O
jeune	O
femme	O
s’	O
interrompit	O
,	O
et	O
s’	O
étonnant	O
:	O
	
—	O
	
C’	O
est	O
drôle	O
comme	O
je	O
suis	O
avec	O
vous	O
.	O
	
Il	O
me	O
semble	O
que	O
je	O
vous	O
connais	O
depuis	O
dix	O
ans	O
.	O
	
Nous	O
deviendrons	O
,	O
sans	O
doute	O
,	O
bons	O
camarades	O
.	O
	
Voulez	O
-vous	O
?	O
	
Il	O
répondit	O
:	O
«	O
Mais	O
,	O
certainement	O
,	O
»	O
avec	O
un	O
sourire	O
qui	O
en	O
disait	O
plus	O
.	O
	
Il	O
la	O
trouvait	O
tout	O
à	O
fait	O
tentante	O
,	O
dans	O
son	O
peignoir	O
éclatant	O
et	O
doux	O
,	O
moins	O
fine	O
que	O
l’	O
autre	O
dans	O
son	O
peignoir	O
blanc	O
,	O
moins	O
chatte	O
,	O
moins	O
délicate	O
,	O
mais	O
plus	O
excitante	O
,	O
plus	O
poivrée	O
.	O
	
Quand	O
il	O
sentait	O
près	O
de	O
lui	O
Mme	B-PER
Forestier	E-PER
,	O
avec	O
son	O
sourire	O
immobile	O
et	O
gracieux	O
qui	O
attirait	O
et	O
arrêtait	O
en	O
même	O
temps	O
,	O
qui	O
semblait	O
dire	O
:	O
«	O
Vous	O
me	O
plaisez	O
»	O
et	O
aussi	O
:	O
«	O
Prenez	O
garde	O
»	O
,	O
dont	O
on	O
ne	O
comprenait	O
jamais	O
le	O
sens	O
véritable	O
,	O
il	O
éprouvait	O
surtout	O
le	O
désir	O
de	O
se	O
coucher	O
à	O
ses	O
pieds	O
,	O
ou	O
de	O
baiser	O
la	O
fine	O
dentelle	O
de	O
son	O
corsage	O
et	O
d’	O
aspirer	O
lentement	O
l’	O
air	O
chaud	O
et	O
parfumé	O
qui	O
devait	O
sortir	O
de	O
là	O
,	O
glissant	O
entre	O
les	O
seins	O
.	O
	
Auprès	O
de	O
Mme	B-PER
de	I-PER
Marelle	E-PER
,	O
il	O
sentait	O
en	O
lui	O
un	O
désir	O
plus	O
brutal	O
,	O
plus	O
précis	O
,	O
un	O
désir	O
qui	O
frémissait	O
dans	O
ses	O
mains	O
devant	O
les	O
contours	O
soulevés	O
de	O
la	O
soie	O
légère	O
.	O
	
Elle	O
parlait	O
toujours	O
,	O
semant	O
en	O
chaque	O
phrase	O
cet	O
esprit	O
facile	O
dont	O
elle	O
avait	O
pris	O
l’	O
habitude	O
,	O
comme	O
un	O
ouvrier	O
saisit	O
le	O
tour	O
de	O
main	O
qu’	O
il	O
faut	O
pour	O
accomplir	O
une	O
besogne	O
réputée	O
difficile	O
et	O
dont	O
s’étonnent	O
les	O
autres	O
.	O
	
Il	O
l’	O
écoutait	O
,	O
pensant	O
:	O
«	O
C’	O
est	O
bon	O
à	O
retenir	O
tout	O
ça	O
.	O
	
On	O
écrirait	O
des	O
chroniques	O
parisiennes	O
charmantes	O
en	O
la	O
faisant	O
bavarder	O
sur	O
les	O
événements	O
du	O
jour	O
.	O
	
»	O
	
Mais	O
on	O
frappa	O
doucement	O
,	O
tout	O
doucement	O
à	O
la	O
porte	O
par	O
laquelle	O
elle	O
était	O
venue	O
;	O
	
et	O
elle	O
cria	O
:	O
	
—	O
Tu	O
peux	O
entrer	O
,	O
mignonne	O
.	O
	
La	O
petite	O
fille	O
parut	O
,	O
alla	O
droit	O
à	O
Duroy	S-PER
et	O
lui	O
tendit	O
la	O
main	O
.	O
	
La	O
mère	O
,	O
étonnée	O
,	O
murmura	O
:	O
	
—	O
	
Mais	O
c’	O
est	O
une	O
conquête	O
.	O
	
Je	O
ne	O
la	O
reconnais	O
plus	O
.	O
	
Le	O
jeune	O
homme	O
,	O
ayant	O
embrassé	O
l’	O
enfant	O
,	O
la	O
fit	O
asseoir	O
à	O
côté	O
de	O
lui	O
,	O
et	O
lui	O
posa	O
,	O
avec	O
un	O
air	O
sérieux	O
,	O
des	O
questions	O
gentilles	O
sur	O
ce	O
qu’	O
elle	O
avait	O
fait	O
depuis	O
qu’	O
ils	O
ne	O
s’	O
étaient	O
vus	O
.	O
	
Elle	O
répondait	O
de	O
sa	O
petite	O
voix	O
de	O
flûte	O
,	O
avec	O
son	O
air	O
grave	O
de	O
grande	O
personne	O
.	O
	
La	O
pendule	O
sonna	O
trois	O
heures	O
.	O
	
Le	O
journaliste	O
se	O
leva	O
.	O
	
—	O
	
Venez	O
souvent	O
,	O
demanda	O
Mme	B-PER
de	I-PER
Marelle	E-PER
,	O
nous	O
bavarderons	O
comme	O
aujourd’hui	O
,	O
vous	O
me	O
ferez	O
toujours	O
plaisir	O
.	O
	
Mais	O
pourquoi	O
ne	O
vous	O
voit	O
-on	O
plus	O
chez	O
les	B-PER
Forestier	E-PER
?	O
	
Il	O
répondit	O
:	O
	
—	O
Oh	O
!	O
pour	O
rien	O
.	O
	
J’	O
ai	O
eu	O
beaucoup	O
à	O
faire	O
.	O
	
J’	O
espère	O
bien	O
que	O
nous	O
nous	O
y	O
retrouverons	O
un	O
de	O
ces	O
jours	O
.	O
	
Et	O
il	O
sortit	O
le	O
cœur	O
plein	O
d’	O
espoir	O
,	O
sans	O
savoir	O
pourquoi	O
.	O
	
Il	O
ne	O
parla	O
pas	O
à	O
Forestier	S-PER
de	O
cette	O
visite	O
.	O
	
Mais	O
il	O
en	O
garda	O
le	O
souvenir	O
,	O
les	O
jours	O
suivants	O
,	O
plus	O
que	O
le	O
souvenir	O
,	O
une	O
sorte	O
de	O
sensation	O
de	O
la	O
présence	O
irréelle	O
et	O
persistante	O
de	O
cette	O
femme	O
.	O
	
Il	O
lui	O
semblait	O
avoir	O
pris	O
quelque	O
chose	O
d’	O
elle	O
,	O
l’	O
image	O
de	O
son	O
corps	O
restée	O
dans	O
ses	O
yeux	O
et	O
la	O
saveur	O
de	O
son	O
être	O
moral	O
restée	O
en	O
son	O
cœur	O
.	O
	
Il	O
demeurait	O
sous	O
l’	O
obsession	O
de	O
son	O
image	O
,	O
comme	O
il	O
arrive	O
quelquefois	O
quand	O
on	O
a	O
passé	O
des	O
heures	O
charmantes	O
auprès	O
d’	O
un	O
être	O
.	O
	
On	O
dirait	O
qu’	O
on	O
subit	O
une	O
possession	O
étrange	O
,	O
intime	O
,	O
confuse	O
,	O
troublante	O
et	O
exquise	O
,	O
parce	O
qu’	O
elle	O
est	O
mystérieuse	O
.	O
	
Il	O
fit	O
une	O
seconde	O
visite	O
au	O
bout	O
de	O
quelques	O
jours	O
.	O
	
La	O
bonne	O
l’	O
introduisit	O
dans	O
le	O
salon	O
,	O
et	O
Laurine	S-PER
parut	O
aussitôt	O
.	O
	
Elle	O
tendit	O
,	O
non	O
plus	O
sa	O
main	O
,	O
mais	O
son	O
front	O
,	O
et	O
dit	O
:	O
	
—	O
Maman	O
m’	O
a	O
chargée	O
de	O
vous	O
prier	O
de	O
l’	O
attendre	O
.	O
	
Elle	O
en	O
a	O
pour	O
un	O
quart	O
d’	O
heure	O
,	O
parce	O
qu’	O
elle	O
n’	O
est	O
pas	O
habillée	O
.	O
	
Je	O
vous	O
tiendrai	O
compagnie	O
.	O
	
Duroy	O
,	O
qu’	O
amusaient	O
les	O
manières	O
cérémonieuses	O
de	O
la	O
fillette	O
,	O
répondit	O
:	O
	
—	O
	
Parfaitement	O
,	O
mademoiselle	O
,	O
je	O
serai	O
enchanté	O
de	O
passer	O
un	O
quart	O
d’	O
heure	O
avec	O
vous	O
;	O
	
mais	O
je	O
vous	O
préviens	O
que	O
je	O
ne	O
suis	O
point	O
sérieux	O
du	O
tout	O
,	O
moi	O
,	O
je	O
joue	O
toute	O
la	O
journée	O
;	O
	
je	O
vous	O
propose	O
donc	O
de	O
faire	O
une	O
partie	O
de	O
chat	O
perché	O
.	O
	
La	O
gamine	O
demeura	O
saisie	O
,	O
puis	O
elle	O
sourit	O
,	O
comme	O
aurait	O
fait	O
une	O
femme	O
,	O
de	O
cette	O
idée	O
qui	O
la	O
choquait	O
un	O
peu	O
et	O
l’	O
étonnait	O
aussi	O
;	O
et	O
elle	O
murmura	O
:	O
	
—	O
	
Les	O
appartements	O
ne	O
sont	O
pas	O
faits	O
pour	O
jouer	O
.	O
	
Il	O
reprit	O
:	O
	
—	O
	
Ça	O
m’est	O
égal	O
.	O
	
Moi	O
je	O
joue	O
partout	O
.	O
	
Allons	O
,	O
attrapez-moi	O
.	O
	
Et	O
il	O
se	O
mit	O
à	O
tourner	O
autour	O
de	O
la	O
table	O
,	O
en	O
l’	O
excitant	O
à	O
le	O
poursuivre	O
,	O
tandis	O
qu’	O
elle	O
s’	O
en	O
venait	O
derrière	O
lui	O
,	O
souriant	O
toujours	O
avec	O
une	O
sorte	O
de	O
condescendance	O
polie	O
,	O
et	O
étendant	O
parfois	O
la	O
main	O
pour	O
le	O
toucher	O
,	O
mais	O
sans	O
s’	O
abandonner	O
jusqu’	O
à	O
courir	O
.	O
	
Il	O
s’	O
arrêtait	O
,	O
se	O
baissait	O
,	O
et	O
lorsqu’	O
elle	O
approchait	O
,	O
de	O
son	O
petit	O
pas	O
hésitant	O
,	O
il	O
sautait	O
en	O
l’air	O
comme	O
les	O
diables	O
enfermés	O
en	O
des	O
boîtes	O
,	O
puis	O
il	O
s’	O
élançait	O
d’	O
une	O
enjambée	O
à	O
l’	O
autre	O
bout	O
du	O
salon	O
.	O
	
Elle	O
trouvait	O
ça	O
drôle	O
,	O
finissait	O
par	O
rire	O
,	O
et	O
,	O
s’animant	O
,	O
commençait	O
à	O
trottiner	O
derrière	O
lui	O
,	O
avec	O
de	O
légers	O
cris	O
joyeux	O
et	O
craintifs	O
,	O
quand	O
elle	O
avait	O
cru	O
le	O
saisir	O
.	O
	
Il	O
déplaçait	O
les	O
chaises	O
,	O
en	O
faisait	O
des	O
obstacles	O
,	O
la	O
forçait	O
à	O
pivoter	O
pendant	O
une	O
minute	O
autour	O
de	O
la	O
même	O
,	O
puis	O
,	O
quittant	O
celle	O
-là	O
,	O
en	O
saisissait	O
une	O
autre	O
.	O
	
Laurine	S-PER
courait	O
maintenant	O
,	O
s’	O
abandonnait	O
tout	O
à	O
fait	O
au	O
plaisir	O
de	O
ce	O
jeu	O
nouveau	O
et	O
,	O
la	O
figure	O
rose	O
,	O
elle	O
se	O
précipitait	O
d’	O
un	O
grand	O
élan	O
d’	O
enfant	O
ravie	O
,	O
à	O
chacune	O
des	O
fuites	O
,	O
à	O
chacune	O
des	O
ruses	O
,	O
à	O
chacune	O
des	O
feintes	O
de	O
son	O
compagnon	O
.	O
	
Brusquement	O
,	O
comme	O
elle	O
s’imaginait	O
l’	O
atteindre	O
,	O
il	O
la	O
saisit	O
dans	O
ses	O
bras	O
,	O
et	O
,	O
l’	O
élevant	O
jusqu’	O
au	O
plafond	O
,	O
il	O
cria	O
:	O
	
—	O
Chat	O
perché	O
!	O
	
La	O
fillette	O
enchantée	O
agitait	O
ses	O
jambes	O
pour	O
s’	O
échapper	O
et	O
riait	O
de	O
tout	O
son	O
cœur	O
.	O
	
Mme	B-PER
de	I-PER
Marelle	E-PER
entra	O
et	O
,	O
stupéfaite	O
:	O
	
—	O
Ah	O
!	O
	
Laurine…	B-PER
Laurine	E-PER
qui	O
joue	O
…	O
	
Vous	O
êtes	O
un	O
ensorceleur	O
,	O
monsieur	O
.	O
	
Il	O
reposa	O
par	O
terre	O
la	O
gamine	O
,	O
baisa	O
la	O
main	O
de	O
la	O
mère	O
,	O
et	O
ils	O
s’	O
assirent	O
,	O
l’	O
enfant	O
entre	O
eux	O
.	O
	
Ils	O
voulurent	O
causer	O
;	O
	
mais	O
Laurine	S-PER
,	O
grisée	O
,	O
si	O
muette	O
d’	O
ordinaire	O
,	O
parlait	O
tout	O
le	O
temps	O
,	O
et	O
il	O
fallut	O
l’	O
envoyer	O
à	O
sa	O
chambre	O
.	O
	
Elle	O
obéit	O
sans	O
répondre	O
,	O
mais	O
avec	O
des	O
larmes	O
dans	O
les	O
yeux	O
.	O
	
Dès	O
qu’	O
ils	O
furent	O
seuls	O
,	O
Mme	B-PER
de	I-PER
Marelle	E-PER
baissa	O
la	O
voix	O
:	O
	
—	O
	
Vous	O
ne	O
savez	O
pas	O
,	O
j’	O
ai	O
un	O
grand	O
projet	O
,	O
et	O
j’	O
ai	O
pensé	O
à	O
vous	O
.	O
	
Voilà	O
:	O
comme	O
je	O
dîne	O
toutes	O
les	O
semaines	O
chez	O
les	B-PER
Forestier	E-PER
,	O
je	O
leur	O
rends	O
ça	O
,	O
de	O
temps	O
en	O
temps	O
,	O
dans	O
un	O
restaurant	O
.	O
	
Moi	O
,	O
je	O
n’	O
aime	O
pas	O
à	O
avoir	O
du	O
monde	O
chez	O
moi	O
,	O
je	O
ne	O
suis	O
pas	O
organisée	O
pour	O
ça	O
,	O
et	O
,	O
d’	O
ailleurs	O
,	O
je	O
n’	O
entends	O
rien	O
aux	O
choses	O
de	O
la	O
maison	O
,	O
rien	O
à	O
la	O
cuisine	O
,	O
rien	O
à	O
rien	O
.	O
	
J’	O
aime	O
vivre	O
à	O
la	O
diable	O
.	O
	
Donc	O
je	O
les	O
reçois	O
de	O
temps	O
en	O
temps	O
au	O
restaurant	O
,	O
mais	O
ça	O
n’	O
est	O
pas	O
gai	O
quand	O
nous	O
ne	O
sommes	O
que	O
nous	O
trois	O
,	O
et	O
mes	O
connaissances	O
à	O
moi	O
ne	O
vont	O
guère	O
avec	O
eux	O
.	O
	
Je	O
vous	O
dis	O
ça	O
pour	O
vous	O
expliquer	O
une	O
invitation	O
peu	O
régulière	O
.	O
	
Vous	O
comprenez	O
,	O
n’	O
est	O
-ce	O
pas	O
,	O
que	O
je	O
vous	O
demande	O
d’	O
être	O
des	O
nôtres	O
samedi	O
,	O
au	B-LOC
Café	I-LOC
Riche	E-LOC
,	O
sept	O
heures	O
et	O
demie	O
.	O
	
Vous	O
connaissez	O
la	O
maison	O
?	O
	
Il	O
accepta	O
avec	O
bonheur	O
.	O
	
Elle	O
reprit	O
:	O
	
—	O
	
Nous	O
serons	O
tous	O
les	O
quatre	O
seulement	O
,	O
une	O
vraie	O
partie	O
carrée	O
.	O
	
C’	O
est	O
très	O
amusant	O
ces	O
petites	O
fêtes	O
-là	O
,	O
pour	O
nous	O
autres	O
femmes	O
qui	O
n’	O
y	O
sommes	O
pas	O
habituées	O
.	O
	
Elle	O
portait	O
une	O
robe	O
marron	O
foncé	O
,	O
qui	O
moulait	O
sa	O
taille	O
,	O
ses	O
hanches	O
,	O
sa	O
gorge	O
,	O
ses	O
bras	O
d’	O
une	O
façon	O
provocante	O
et	O
coquette	O
;	O
	
et	O
Duroy	S-PER
éprouvait	O
un	O
étonnement	O
confus	O
,	O
presque	O
une	O
gêne	O
dont	O
il	O
ne	O
saisissait	O
pas	O
bien	O
la	O
cause	O
,	O
du	O
désaccord	O
de	O
cette	O
élégance	O
soignée	O
et	O
raffinée	O
avec	O
l’	O
insouci	O
visible	O
pour	O
le	O
logis	O
qu’	O
elle	O
habitait	O
.	O
	
Tout	O
ce	O
qui	O
vêtait	O
son	O
corps	O
,	O
tout	O
ce	O
qui	O
touchait	O
intimement	O
et	O
directement	O
sa	O
chair	O
,	O
était	O
délicat	O
et	O
fin	O
,	O
mais	O
ce	O
qui	O
l’	O
entourait	O
ne	O
lui	O
importait	O
plus	O
.	O
	
Il	O
la	O
quitta	O
,	O
gardant	O
,	O
comme	O
l’	O
autre	O
fois	O
,	O
la	O
sensation	O
de	O
sa	O
présence	O
continuée	O
dans	O
une	O
sorte	O
d’	O
hallucination	O
de	O
ses	O
sens	O
.	O
	
Et	O
il	O
attendit	O
le	O
jour	O
du	O
dîner	O
avec	O
une	O
impatience	O
grandissante	O
.	O
	
Ayant	O
loué	O
pour	O
la	O
seconde	O
fois	O
un	O
habit	O
noir	O
,	O
ses	O
moyens	O
ne	O
lui	O
permettant	O
point	O
encore	O
d’	O
acheter	O
un	O
costume	O
de	O
soirée	O
,	O
il	O
arriva	O
le	O
premier	O
au	O
rendez	O
-vous	O
,	O
quelques	O
minutes	O
avant	O
l’	O
heure	O
.	O
	
On	O
le	O
fit	O
monter	O
au	O
second	O
étage	O
,	O
et	O
on	O
l’	O
introduisit	O
dans	O
un	O
petit	O
salon	O
de	O
restaurant	O
,	O
tendu	O
de	O
rouge	O
et	O
ouvrant	O
sur	O
le	O
boulevard	O
son	O
unique	O
fenêtre	O
.	O
	
Une	O
table	O
carrée	O
,	O
de	O
quatre	O
couverts	O
,	O
étalait	O
sa	O
nappe	O
blanche	O
,	O
si	O
luisante	O
qu’	O
elle	O
semblait	O
vernie	O
;	O
et	O
les	O
verres	O
,	O
l’	O
argenterie	O
,	O
le	O
réchaud	O
brillaient	O
gaiement	O
sous	O
la	O
flamme	O
de	O
douze	O
bougies	O
portées	O
par	O
deux	O
hauts	O
candélabres	O
.	O
	
Au	O
dehors	O
on	O
apercevait	O
une	O
grande	O
tache	O
d’	O
un	O
vert	O
clair	O
que	O
faisaient	O
les	O
feuilles	O
d’	O
un	O
arbre	O
,	O
éclairées	O
par	O
la	O
lumière	O
vive	O
des	O
cabinets	O
particuliers	O
.	O
	
Duroy	S-PER
s’assit	O
sur	O
un	O
canapé	O
très	O
bas	O
,	O
rouge	O
comme	O
les	O
tentures	O
des	O
murs	O
,	O
et	O
dont	O
les	O
ressorts	O
fatigués	O
,	O
s’	O
enfonçant	O
sous	O
lui	O
,	O
lui	O
donnèrent	O
la	O
sensation	O
de	O
tomber	O
dans	O
un	O
trou	O
.	O
	
Il	O
entendait	O
dans	O
toute	O
cette	O
vaste	O
maison	O
une	O
rumeur	O
confuse	O
,	O
ce	O
bruissement	O
des	O
grands	O
restaurants	O
fait	O
du	O
bruit	O
des	O
vaisselles	O
et	O
des	O
argenteries	O
heurtées	O
,	O
du	O
bruit	O
des	O
pas	O
rapides	O
des	O
garçons	O
adouci	O
par	O
le	O
tapis	O
des	O
corridors	O
,	O
du	O
bruit	O
des	O
portes	O
un	O
moment	O
ouvertes	O
et	O
qui	O
laissent	O
échapper	O
le	O
son	O
des	O
voix	O
de	O
tous	O
ces	O
étroits	O
salons	O
où	O
sont	O
enfermés	O
des	O
gens	O
qui	O
dînent	O
.	O
	
Forestier	S-PER
entra	O
et	O
lui	O
serra	O
la	O
main	O
avec	O
une	O
familiarité	O
cordiale	O
,	O
qu’	O
il	O
ne	O
lui	O
témoignait	O
jamais	O
dans	O
les	O
bureaux	O
de	O
la	B-MISC
Vie	I-MISC
Française	E-MISC
.	O
	
—	O
	
Ces	O
deux	O
dames	O
vont	O
arriver	O
ensemble	O
,	O
dit	O
-il	O
;	O
	
c’	O
est	O
très	O
gentil	O
ces	O
dîners	O
-là	O
!	O
	
Puis	O
il	O
regarda	O
la	O
table	O
,	O
fit	O
éteindre	O
tout	O
à	O
fait	O
un	O
bec	O
de	O
gaz	O
qui	O
brûlait	O
en	O
veilleuse	O
,	O
ferma	O
un	O
battant	O
de	O
la	O
fenêtre	O
,	O
à	O
cause	O
du	O
courant	O
d’	O
air	O
,	O
et	O
choisit	O
sa	O
place	O
bien	O
à	O
l’	O
abri	O
,	O
en	O
déclarant	O
:	O
	
—	O
	
Il	O
faut	O
que	O
je	O
fasse	O
grande	O
attention	O
;	O
	
j’	O
ai	O
été	O
mieux	O
pendant	O
un	O
mois	O
,	O
et	O
me	O
voici	O
repris	O
depuis	O
quelques	O
jours	O
.	O
	
J’	O
aurai	O
attrapé	O
froid	O
mardi	O
en	O
sortant	O
du	O
théâtre	O
.	O
	
On	O
ouvrit	O
la	O
porte	O
et	O
deux	O
jeunes	O
femmes	O
parurent	O
,	O
suivies	O
d’	O
un	O
maître	O
d’	O
hôtel	O
,	O
voilées	O
,	O
cachées	O
,	O
discrètes	O
,	O
avec	O
cette	O
allure	O
de	O
mystère	O
charmant	O
qu’	O
elles	O
prennent	O
en	O
ces	O
endroits	O
où	O
les	O
voisinages	O
et	O
les	O
rencontres	O
sont	O
suspects	O
.	O
	
Comme	O
Duroy	S-PER
saluait	O
Mme	B-PER
Forestier	E-PER
,	O
elle	O
le	O
gronda	O
fort	O
de	O
n’	O
être	O
pas	O
revenu	O
la	O
voir	O
;	O
	
puis	O
elle	O
ajouta	O
,	O
avec	O
un	O
sourire	O
,	O
vers	O
son	O
amie	O
:	O
	
—	O
	
C’	O
est	O
ça	O
,	O
vous	O
me	O
préférez	O
Mme	B-PER
de	I-PER
Marelle	E-PER
,	O
vous	O
trouvez	O
bien	O
le	O
temps	O
pour	O
elle	O
.	O
	
Puis	O
on	O
s’assit	O
,	O
et	O
le	O
maître	O
d’	O
hôtel	O
ayant	O
présenté	O
à	O
Forestier	S-PER
la	O
carte	O
des	O
vins	O
,	O
Mme	B-PER
de	I-PER
Marelle	E-PER
s’	O
écria	O
:	O
	
—	O
	
Donnez	O
à	O
ces	O
messieurs	O
ce	O
qu’	O
ils	O
voudront	O
;	O
quant	O
à	O
nous	O
,	O
du	O
champagne	O
frappé	O
,	O
du	O
meilleur	O
,	O
du	O
champagne	O
doux	O
par	O
exemple	O
,	O
rien	O
autre	O
chose	O
.	O
	
Et	O
l’	O
homme	O
étant	O
sorti	O
,	O
elle	O
annonça	O
avec	O
un	O
rire	O
excité	O
:	O
	
—	O
	
Je	O
veux	O
me	O
pocharder	O
ce	O
soir	O
,	O
nous	O
allons	O
faire	O
une	O
noce	O
,	O
une	O
vraie	O
noce	O
.	O
	
Forestier	O
,	O
qui	O
paraissait	O
n’	O
avoir	O
pas	O
entendu	O
,	O
demanda	O
:	O
	
—	O
	
Cela	O
ne	O
vous	O
ferait	O
-il	O
rien	O
qu’	O
on	O
fermât	O
la	O
fenêtre	O
?	O
	
j’	O
ai	O
la	O
poitrine	O
un	O
peu	O
prise	O
depuis	O
quelques	O
jours	O
.	O
	
—	O
Non	O
,	O
rien	O
du	O
tout	O
.	O
	
Il	O
alla	O
donc	O
pousser	O
le	O
battant	O
resté	O
entr’ouvert	O
et	O
il	O
revint	O
s’	O
asseoir	O
avec	O
un	O
visage	O
rasséréné	O
,	O
tranquillisé	O
.	O
	
Sa	O
femme	O
ne	O
disait	O
rien	O
,	O
paraissait	O
absorbée	O
;	O
	
et	O
,	O
les	O
yeux	O
baissés	O
vers	O
la	O
table	O
,	O
elle	O
souriait	O
aux	O
verres	O
,	O
de	O
ce	O
sourire	O
vague	O
qui	O
semblait	O
promettre	O
toujours	O
pour	O
ne	O
jamais	O
tenir	O
.	O
	
Les	O
huîtres	O
d’	O
Ostende	S-LOC
furent	O
apportées	O
,	O
mignonnes	O
et	O
grasses	O
,	O
semblables	O
à	O
de	O
petites	O
oreilles	O
enfermées	O
en	O
des	O
coquilles	O
,	O
et	O
fondant	O
entre	O
le	O
palais	O
et	O
la	O
langue	O
ainsi	O
que	O
des	O
bonbons	O
salés	O
.	O
	
Puis	O
,	O
après	O
le	O
potage	O
,	O
on	O
servit	O
une	O
truite	O
rose	O
comme	O
de	O
la	O
chair	O
de	O
jeune	O
fille	O
;	O
et	O
les	O
convives	O
commencèrent	O
à	O
causer	O
.	O
	
On	O
parla	O
d’	O
abord	O
d’	O
un	O
cancan	O
qui	O
courait	O
les	O
rues	O
,	O
l’	O
histoire	O
d’	O
une	O
femme	O
du	O
monde	O
surprise	O
,	O
par	O
un	O
ami	O
de	O
son	O
mari	O
,	O
soupant	O
avec	O
un	O
prince	O
étranger	O
en	O
cabinet	O
particulier	O
.	O
	
Forestier	S-PER
riait	O
beaucoup	O
de	O
l’	O
aventure	O
;	O
	
les	O
deux	O
femmes	O
déclaraient	O
que	O
le	O
bavard	O
indiscret	O
n’	O
était	O
qu’	O
un	O
goujat	O
et	O
qu’	O
un	O
lâche	O
.	O
	
Duroy	S-PER
fut	O
de	O
leur	O
avis	O
et	O
proclama	O
bien	O
haut	O
qu’	O
un	O
homme	O
a	O
le	O
devoir	O
d’	O
apporter	O
en	O
ces	O
sortes	O
d’	O
affaires	O
,	O
qu’	O
il	O
soit	O
acteur	O
,	O
confident	O
ou	O
simple	O
témoin	O
,	O
un	O
silence	O
de	O
tombeau	O
.	O
	
Il	O
ajouta	O
:	O
	
—	O
	
Comme	O
la	O
vie	O
serait	O
pleine	O
de	O
choses	O
charmantes	O
si	O
nous	O
pouvions	O
compter	O
sur	O
la	O
discrétion	O
absolue	O
les	O
uns	O
des	O
autres	O
.	O
	
Ce	O
qui	O
arrête	O
souvent	O
,	O
bien	O
souvent	O
,	O
presque	O
toujours	O
les	O
femmes	O
,	O
c’	O
est	O
la	O
peur	O
du	O
secret	O
dévoilé	O
.	O
	
Puis	O
il	O
ajouta	O
,	O
souriant	O
:	O
	
—	O
	
Voyons	O
,	O
n’	O
est	O
-ce	O
pas	O
vrai	O
?	O
	
Combien	O
y	O
en	O
a	O
-t	O
-il	O
qui	O
s’	O
abandonneraient	O
à	O
un	O
rapide	O
désir	O
,	O
au	O
caprice	O
brusque	O
et	O
violent	O
d’	O
une	O
heure	O
,	O
à	O
une	O
fantaisie	O
d’	O
amour	O
,	O
si	O
elles	O
ne	O
craignaient	O
de	O
payer	O
par	O
un	O
scandale	O
irrémédiable	O
et	O
par	O
des	O
larmes	O
douloureuses	O
un	O
court	O
et	O
léger	O
bonheur	O
!	O
	
Il	O
parlait	O
avec	O
une	O
conviction	O
contagieuse	O
,	O
comme	O
s’	O
il	O
avait	O
plaidé	O
une	O
cause	O
,	O
sa	O
cause	O
,	O
comme	O
s’	O
il	O
eût	O
dit	O
:	O
«	O
Ce	O
n’	O
est	O
pas	O
avec	O
moi	O
qu’	O
on	O
aurait	O
à	O
craindre	O
de	O
pareils	O
dangers	O
.	O
	
Essayez	O
pour	O
voir	O
.	O
	
»	O
	
Elles	O
le	O
contemplaient	O
toutes	O
les	O
deux	O
,	O
l’	O
approuvant	O
du	O
regard	O
,	O
trouvant	O
qu’	O
il	O
parlait	O
bien	O
et	O
juste	O
,	O
confessant	O
par	O
leur	O
silence	O
ami	O
que	O
leur	O
morale	O
inflexible	O
de	O
Parisienne	S-MISC
n’	O
aurait	O
pas	O
tenu	O
longtemps	O
devant	O
la	O
certitude	O
du	O
secret	O
.	O
	
Et	O
Forestier	S-PER
,	O
presque	O
couché	O
sur	O
le	O
canapé	O
,	O
une	O
jambe	O
repliée	O
sous	O
lui	O
,	O
la	O
serviette	O
glissée	O
dans	O
son	O
gilet	O
pour	O
ne	O
point	O
maculer	O
son	O
habit	O
,	O
déclara	O
tout	O
à	O
coup	O
,	O
avec	O
un	O
rire	O
convaincu	O
de	O
sceptique	O
:	O
	
—	O
	
Sacristi	O
oui	O
,	O
on	O
s’	O
en	O
paierait	O
si	O
on	O
était	O
sûr	O
du	O
silence	O
.	O
	
Bigre	O
de	O
bigre	O
!	O
	
les	O
pauvres	O
maris	O
!	O
	
Et	O
on	O
se	O
mit	O
à	O
parler	O
d’	O
amour	O
.	O
	
Sans	O
l’	O
admettre	O
éternel	O
,	O
Duroy	S-PER
le	O
comprenait	O
durable	O
,	O
créant	O
un	O
lien	O
,	O
une	O
amitié	O
tendre	O
,	O
une	O
confiance	O
!	O
	
L’	O
union	O
des	O
sens	O
n’	O
était	O
qu’	O
un	O
sceau	O
à	O
l’	O
union	O
des	O
cœurs	O
.	O
	
Mais	O
il	O
s’	O
indignait	O
des	O
jalousies	O
harcelantes	O
,	O
des	O
drames	O
,	O
des	O
scènes	O
,	O
des	O
misères	O
qui	O
,	O
presque	O
toujours	O
,	O
accompagnent	O
les	O
ruptures	O
.	O
	
Quand	O
il	O
se	O
tut	O
,	O
Mme	B-PER
de	I-PER
Marelle	E-PER
soupira	O
:	O
	
—	O
	
Oui	O
,	O
c’	O
est	O
la	O
seule	O
bonne	O
chose	O
de	O
la	O
vie	O
,	O
et	O
nous	O
la	O
gâtons	O
souvent	O
par	O
des	O
exigences	O
impossibles	O
.	O
	
Mme	B-PER
Forestier	E-PER
,	O
qui	O
jouait	O
avec	O
un	O
couteau	O
,	O
ajouta	O
:	O
	
—	O
	
Oui…	O
oui…	O
c’	O
est	O
bon	O
d’	O
être	O
aimée	O
…	O
	
Et	O
elle	O
semblait	O
pousser	O
plus	O
loin	O
son	O
rêve	O
,	O
songer	O
à	O
des	O
choses	O
qu’	O
elle	O
n’	O
osait	O
point	O
dire	O
.	O
	
